iter	RMSEWithUncertainty
0	0.3589643481
1	0.3218545799
2	0.2901805179
3	0.2534194406
4	0.2216183458
5	0.1988263566
6	0.1710821657
7	0.1507785267
8	0.1304286966
9	0.1131527891
10	0.09533800852
11	0.08513150062
12	0.07271357237
13	0.06049545746
14	0.05475069196
15	0.04275973113
16	0.03762970174
17	0.03270798361
18	0.0228496921
19	0.01718194858
20	0.0135425922
21	0.008065575099
22	0.001804687274
23	-0.0005836753563
24	-0.002685308914
25	-0.004880927103
26	-0.006350667001
27	-0.007455054221
28	-0.01176590605
29	-0.01341102276
30	-0.01480655847
31	-0.01970167452
32	-0.02401326987
33	-0.02503813844
34	-0.02612620997
35	-0.02818246018
36	-0.02931954462
37	-0.03191224133
38	-0.03242383243
39	-0.03427293144
40	-0.03536051398
41	-0.03587252398
42	-0.0377454327
43	-0.038558623
44	-0.04008500971
45	-0.04107729314
46	-0.04178042065
47	-0.04240729057
48	-0.04267881129
49	-0.04414312661
50	-0.04483637891
51	-0.04549392288
52	-0.04679256393
53	-0.04782414835
54	-0.0491186354
55	-0.04994000601
56	-0.05040190471
57	-0.05077252388
58	-0.05199527349
59	-0.05236531764
60	-0.05286427423
61	-0.05319672417
62	-0.05367135826
63	-0.05396995877
64	-0.05479235603
65	-0.05509770294
66	-0.05540798479
67	-0.05560551295
68	-0.05625460456
69	-0.05653573495
70	-0.0570233557
71	-0.05778274432
72	-0.05835177109
73	-0.05856312371
74	-0.05998667407
75	-0.06077438962
76	-0.06141371219
77	-0.06159303143
78	-0.06228047743
79	-0.06267183772
80	-0.06430239403
81	-0.06494308209
82	-0.06506223392
83	-0.06585624065
84	-0.066081678
85	-0.06653393322
86	-0.06709571084
87	-0.06741018557
88	-0.06752096767
89	-0.06770029425
90	-0.06814135136
91	-0.06829029959
92	-0.06933237922
93	-0.06944383567
94	-0.06958018825
95	-0.06975772816
96	-0.07012678618
97	-0.07081337373
98	-0.07100647108
99	-0.07115415239
100	-0.07141536423
101	-0.07198246676
102	-0.0721290678
103	-0.07267781236
104	-0.0729458281
105	-0.07328140593
106	-0.07390027575
107	-0.07421299723
108	-0.07435481391
109	-0.07498359965
110	-0.07522187245
111	-0.07563066896
112	-0.07613710932
113	-0.07626758185
114	-0.07649047729
115	-0.07713240296
116	-0.07793996771
117	-0.07823839104
118	-0.07835864508
119	-0.07858148901
120	-0.07881912727
121	-0.07955454212
122	-0.07965448297
123	-0.07991315008
124	-0.08023298363
125	-0.08053699516
126	-0.0807502683
127	-0.08106306032
128	-0.08130973407
129	-0.08156744021
130	-0.08183151227
131	-0.08217843227
132	-0.08255954144
133	-0.08276676088
134	-0.08282491608
135	-0.08303713863
136	-0.08345095656
137	-0.08410351465
138	-0.08433774392
139	-0.08458275606
140	-0.08486614107
141	-0.08499341949
142	-0.08510379816
143	-0.08524925271
144	-0.08551686852
145	-0.08566754218
146	-0.08583450299
147	-0.08620016449
148	-0.08631400542
149	-0.08640677351
150	-0.08663343179
151	-0.08680907685
152	-0.08726829471
153	-0.08738595645
154	-0.08742881312
155	-0.08770878825
156	-0.08796312797
157	-0.08819217833
158	-0.088729106
159	-0.08887283995
160	-0.08897077721
161	-0.08933547662
162	-0.08942916497
163	-0.08961680147
164	-0.09000165255
165	-0.09019708875
166	-0.09024955342
167	-0.09035668025
168	-0.09050731457
169	-0.09056110586
170	-0.09082205878
171	-0.0910362965
172	-0.0912577257
173	-0.09156580458
174	-0.09207208837
175	-0.09218431214
176	-0.0922659819
177	-0.09269580913
178	-0.09275613707
179	-0.09280261487
180	-0.09296211819
181	-0.09332424965
182	-0.09354991213
183	-0.09370508896
184	-0.09379090613
185	-0.09395378173
186	-0.09408677864
187	-0.09452186344
188	-0.09468753964
189	-0.09494423352
190	-0.09513253666
191	-0.09520860979
192	-0.09530664657
193	-0.09570244099
194	-0.09584478494
195	-0.09599892223
196	-0.0960892722
197	-0.09623113987
198	-0.09625571335
199	-0.09642926145
200	-0.09665578094
201	-0.09677755459
202	-0.09689595586
203	-0.09716224205
204	-0.09730992181
205	-0.09793479133
206	-0.09807258122
207	-0.098145308
208	-0.09828406839
209	-0.09837947104
210	-0.09847253647
211	-0.09865183457
212	-0.09878866522
213	-0.09894515138
214	-0.09901937131
215	-0.09928562076
216	-0.09940163568
217	-0.09945104256
218	-0.09953561078
219	-0.09978176393
220	-0.09989431235
221	-0.1000666226
222	-0.1003359858
223	-0.1003957683
224	-0.1005495817
225	-0.1008384529
226	-0.1009724224
227	-0.1010122835
228	-0.1010981814
229	-0.1013037914
230	-0.1015742301
231	-0.1018932293
232	-0.1019484746
233	-0.1021964954
234	-0.1023165472
235	-0.1023818812
236	-0.1024235167
237	-0.1025028526
238	-0.102658632
239	-0.1027850078
240	-0.102867049
241	-0.1032136785
242	-0.1033244744
243	-0.1034045952
244	-0.1034846878
245	-0.1036546113
246	-0.1036948482
247	-0.1039662643
248	-0.1040602456
249	-0.1041376645
250	-0.104217955
251	-0.104273762
252	-0.1044443184
253	-0.1045531304
254	-0.1048565422
255	-0.1049169077
256	-0.1051513524
257	-0.1052706582
258	-0.1054004807
259	-0.1055204751
260	-0.1057486705
261	-0.1058482108
262	-0.1058926137
263	-0.1060153314
264	-0.1062038745
265	-0.1062923963
266	-0.1063760443
267	-0.106475827
268	-0.1068535711
269	-0.1069505548
270	-0.1074792321
271	-0.1075320418
272	-0.1076977941
273	-0.1077631293
274	-0.1086722467
275	-0.1089195081
276	-0.1090160491
277	-0.1090763608
278	-0.10955502
279	-0.1096091915
280	-0.1096450639
281	-0.109839748
282	-0.1099305935
283	-0.110021421
284	-0.1102107031
285	-0.1102661373
286	-0.1103162618
287	-0.1107846488
288	-0.1108788134
289	-0.1112668586
290	-0.1113417074
291	-0.1114189339
292	-0.1116471077
293	-0.1118669876
294	-0.1119328118
295	-0.1120564362
296	-0.1121066607
297	-0.1121770163
298	-0.1124199335
299	-0.1125120338
300	-0.1125378125
301	-0.112639841
302	-0.1126976951
303	-0.112782738
304	-0.1128164221
305	-0.1129553598
306	-0.1129706613
307	-0.1130291507
308	-0.1131369363
309	-0.1132412467
310	-0.1133223622
311	-0.1133788834
312	-0.1134450831
313	-0.1134850805
314	-0.1136856863
315	-0.1138350962
316	-0.1141585677
317	-0.1142381698
318	-0.1143396254
319	-0.1146590864
320	-0.1148160781
321	-0.1148401015
322	-0.1149512714
323	-0.1150062731
324	-0.115035612
325	-0.1151824338
326	-0.1155431654
327	-0.1155921835
328	-0.1156992208
329	-0.1157467973
330	-0.1159006002
331	-0.1159937273
332	-0.1160384356
333	-0.1160928479
334	-0.1162594782
335	-0.1163447593
336	-0.1163942356
337	-0.1165609286
338	-0.1166621458
339	-0.1166933865
340	-0.1167082466
341	-0.1169684144
342	-0.1170411761
343	-0.1170757737
344	-0.1172433824
345	-0.1173031602
346	-0.117408927
347	-0.1174346645
348	-0.1174489911
349	-0.1175590213
350	-0.1175811672
351	-0.1176904887
352	-0.1177180589
353	-0.1178219449
354	-0.1179941551
355	-0.1180952142
356	-0.1181474671
357	-0.118220803
358	-0.1182807799
359	-0.1183478235
360	-0.1187337378
361	-0.1189059662
362	-0.1191384464
363	-0.1191593192
364	-0.1191964795
365	-0.1193310747
366	-0.1194089078
367	-0.1195263913
368	-0.1195583826
369	-0.1196193247
370	-0.1196698749
371	-0.1197956163
372	-0.1198581571
373	-0.1199452431
374	-0.1199654993
375	-0.1201668331
376	-0.1202732892
377	-0.120312271
378	-0.1204067762
379	-0.1204690159
380	-0.1204834835
381	-0.1206369818
382	-0.1206842668
383	-0.1207322361
384	-0.1213950353
385	-0.1214629548
386	-0.1214929232
387	-0.1215290673
388	-0.1215410261
389	-0.1216989091
390	-0.1217846024
391	-0.1218191749
392	-0.1218640466
393	-0.1219264213
394	-0.1219498766
395	-0.1219942466
396	-0.1220362347
397	-0.1220865626
398	-0.1221993799
399	-0.1222369926
400	-0.122286322
401	-0.1223070603
402	-0.1223560705
403	-0.122494286
404	-0.1225588036
405	-0.1228221803
406	-0.1228467583
407	-0.1229319894
408	-0.1230082702
409	-0.123245536
410	-0.1233975951
411	-0.123474426
412	-0.1234988675
413	-0.1235636606
414	-0.1236043523
415	-0.1236340861
416	-0.1236944953
417	-0.1237364102
418	-0.1238178301
419	-0.1239306344
420	-0.1239557412
421	-0.1239921717
422	-0.1240194491
423	-0.1240499907
424	-0.1240795945
425	-0.1242613633
426	-0.1244144996
427	-0.1244787441
428	-0.1245764528
429	-0.1246965967
430	-0.124734812
431	-0.124946165
432	-0.1250347
433	-0.125136322
434	-0.1251830998
435	-0.1252052315
436	-0.1252733883
437	-0.1253418142
438	-0.1253832911
439	-0.1254043567
440	-0.1254226521
441	-0.1254755997
442	-0.1255549996
443	-0.1255829878
444	-0.1256375847
445	-0.1256795739
446	-0.1257221919
447	-0.1257708209
448	-0.1257878871
449	-0.1258505057
450	-0.1258837979
451	-0.1259408966
452	-0.1259655298
453	-0.126081372
454	-0.1261379123
455	-0.1261682822
456	-0.1262153374
457	-0.1262431702
458	-0.1263284358
459	-0.1263816209
460	-0.1264784994
461	-0.1265216073
462	-0.1266171878
463	-0.1266462645
464	-0.1266803515
465	-0.1268445783
466	-0.1268986485
467	-0.1269315203
468	-0.1269651393
469	-0.1270375658
470	-0.127057743
471	-0.1271337612
472	-0.1271580145
473	-0.1272342118
474	-0.1272881223
475	-0.1273064827
476	-0.1273281825
477	-0.1274055269
478	-0.1274395351
479	-0.1275591423
480	-0.1275993104
481	-0.1280135855
482	-0.1281046381
483	-0.1281906267
484	-0.1282633847
485	-0.128270272
486	-0.1284233499
487	-0.1284755453
488	-0.1285317358
489	-0.1285709051
490	-0.1286414341
491	-0.1287069913
492	-0.1287321708
493	-0.1287879103
494	-0.1289969401
495	-0.1290381589
496	-0.1291322999
497	-0.1291744587
498	-0.1292223771
499	-0.1292587115
500	-0.1292758
501	-0.1293162852
502	-0.129367848
503	-0.129489693
504	-0.1295346304
505	-0.129553344
506	-0.1295714899
507	-0.129635051
508	-0.1296531817
509	-0.1297532965
510	-0.1297748494
511	-0.1299030115
512	-0.1299280859
513	-0.1299522974
514	-0.1299902712
515	-0.1300636801
516	-0.1301065226
517	-0.1301271864
518	-0.1301596711
519	-0.1303132475
520	-0.1303780475
521	-0.1303987689
522	-0.130419975
523	-0.1304470596
524	-0.1309159232
525	-0.1309394398
526	-0.1309678371
527	-0.131334582
528	-0.1313665616
529	-0.13143738
530	-0.131493677
531	-0.1315125888
532	-0.1318029151
533	-0.1318292167
534	-0.1319752864
535	-0.1320837842
536	-0.1321506476
537	-0.13217637
538	-0.132229518
539	-0.1322653319
540	-0.1325095781
541	-0.13254818
542	-0.132598331
543	-0.1326755117
544	-0.1328936853
545	-0.1329354375
546	-0.1329789807
547	-0.1331756526
548	-0.133256747
549	-0.1332787116
550	-0.1333067936
551	-0.1333556847
552	-0.1333727381
553	-0.1334408114
554	-0.1335302416
555	-0.1335742872
556	-0.1336071448
557	-0.1336597779
558	-0.1336860969
559	-0.1337100076
560	-0.1337296178
561	-0.1337608755
562	-0.1338044743
563	-0.1338444785
564	-0.1339083895
565	-0.1340603248
566	-0.1341317833
567	-0.1341620081
568	-0.1342223158
569	-0.1342807836
570	-0.1343075612
571	-0.1343433875
572	-0.1343577818
573	-0.1343797347
574	-0.1345030956
575	-0.1346724716
576	-0.1349536072
577	-0.1349598845
578	-0.1351018151
579	-0.1351778539
580	-0.1352037353
581	-0.1352396094
582	-0.1352698785
583	-0.1353445631
584	-0.135371894
585	-0.1353962736
586	-0.1354466111
587	-0.1354733908
588	-0.1354826675
589	-0.1355007696
590	-0.1355873393
591	-0.1356206119
592	-0.1356259234
593	-0.1356810084
594	-0.1357184426
595	-0.1357450441
596	-0.1357882643
597	-0.1358162009
598	-0.1358817476
599	-0.1359089678
600	-0.1359836757
601	-0.1360203953
602	-0.1360387636
603	-0.1360524549
604	-0.1360745741
605	-0.1360976073
606	-0.136183472
607	-0.1362385804
608	-0.1363580669
609	-0.1364022225
610	-0.1364934562
611	-0.1365073605
612	-0.1365269385
613	-0.1365376432
614	-0.1366068724
615	-0.1366523259
616	-0.1368325005
617	-0.1368557293
618	-0.136962305
619	-0.1369924742
620	-0.1370065087
621	-0.1370293642
622	-0.1370714309
623	-0.1373035868
624	-0.1373659536
625	-0.1373834401
626	-0.137395458
627	-0.1374566983
628	-0.1374948057
629	-0.1375462117
630	-0.1376521438
631	-0.1377007946
632	-0.1378127387
633	-0.1378333088
634	-0.1378634317
635	-0.1378870862
636	-0.1379210507
637	-0.1379882582
638	-0.1380123319
639	-0.1380272025
640	-0.138082915
641	-0.1381252059
642	-0.1381864634
643	-0.138200969
644	-0.138240656
645	-0.1383367448
646	-0.1383882714
647	-0.138423576
648	-0.1384422213
649	-0.1384608044
650	-0.1384771632
651	-0.1384960417
652	-0.1385178142
653	-0.1385662854
654	-0.1385785359
655	-0.1386222343
656	-0.1386714629
657	-0.1386908068
658	-0.138872719
659	-0.1389066871
660	-0.1389738511
661	-0.1390105677
662	-0.1390927586
663	-0.1391045394
664	-0.1391223552
665	-0.1391477657
666	-0.1392121461
667	-0.1392211507
668	-0.1392453748
669	-0.1392515338
670	-0.1392644988
671	-0.1392882183
672	-0.1393510971
673	-0.1393613167
674	-0.1394241621
675	-0.1394351104
676	-0.1394483885
677	-0.1394842802
678	-0.1395102085
679	-0.1395278234
680	-0.1395977273
681	-0.1396114268
682	-0.139622162
683	-0.1396372036
684	-0.1397030263
685	-0.1397593798
686	-0.1398049633
687	-0.1398164711
688	-0.1398764231
689	-0.1398918697
690	-0.1399090448
691	-0.1399247649
692	-0.1399442108
693	-0.1399694862
694	-0.140004648
695	-0.140141279
696	-0.1401458399
697	-0.140166295
698	-0.1401833973
699	-0.1402388346
700	-0.1402511296
701	-0.140264113
702	-0.140320329
703	-0.1403858006
704	-0.1404091674
705	-0.1404652825
706	-0.140506478
707	-0.1405452238
708	-0.1405921758
709	-0.1407309504
710	-0.14074219
711	-0.1407527445
712	-0.1407730243
713	-0.1408213504
714	-0.1408503352
715	-0.1409450668
716	-0.1409733238
717	-0.1409868399
718	-0.1410075687
719	-0.1410204002
720	-0.1410406402
721	-0.1410776683
722	-0.1411228719
723	-0.1411381984
724	-0.1411622804
725	-0.1411760522
726	-0.1412565194
727	-0.1413768044
728	-0.1414179646
729	-0.1414322756
730	-0.141449068
731	-0.1414754583
732	-0.1415113225
733	-0.1415558406
734	-0.1416160964
735	-0.1416291665
736	-0.1416605163
737	-0.1417046127
738	-0.1417234879
739	-0.1417582502
740	-0.1417917377
741	-0.1418906769
742	-0.1419083518
743	-0.1420436656
744	-0.1420589313
745	-0.1420949128
746	-0.1421154936
747	-0.1421398317
748	-0.142154187
749	-0.1421830033
750	-0.142226989
751	-0.1422397352
752	-0.1422747954
753	-0.1422903736
754	-0.1423097605
755	-0.1423350511
756	-0.1424069461
757	-0.1424182047
758	-0.1424782911
759	-0.1425132103
760	-0.1425604797
761	-0.1425894116
762	-0.1426792029
763	-0.1426911442
764	-0.1426994814
765	-0.142715557
766	-0.1427524082
767	-0.1427720086
768	-0.1427986514
769	-0.1428736232
770	-0.1429382762
771	-0.1429576451
772	-0.1429755859
773	-0.1429991091
774	-0.1430126978
775	-0.1430423877
776	-0.1430577716
777	-0.1430663057
778	-0.1430781152
779	-0.1431156783
780	-0.1431867918
781	-0.1432912989
782	-0.14348838
783	-0.1435059892
784	-0.1435238454
785	-0.1435510077
786	-0.1435729787
787	-0.1435803981
788	-0.1436538944
789	-0.1436762149
790	-0.1437326905
791	-0.1437754049
792	-0.1437891813
793	-0.1438152471
794	-0.1438469188
795	-0.1438570373
796	-0.1438698225
797	-0.1439021701
798	-0.1439211585
799	-0.1439597474
800	-0.1439735811
801	-0.1440074226
802	-0.1440180554
803	-0.1440290904
804	-0.1440473777
805	-0.1440763823
806	-0.1441123226
807	-0.144120389
808	-0.1441538426
809	-0.144173757
810	-0.1441949232
811	-0.1442042172
812	-0.1442284372
813	-0.1442483157
814	-0.144269645
815	-0.1442969581
816	-0.1443202042
817	-0.1443298166
818	-0.1443551645
819	-0.144379435
820	-0.1444272914
821	-0.1444553798
822	-0.144477393
823	-0.1444958847
824	-0.144506554
825	-0.1445266267
826	-0.144541058
827	-0.1445715834
828	-0.1446029875
829	-0.1446215957
830	-0.1446427196
831	-0.1447104729
832	-0.1447230887
833	-0.1447553838
834	-0.1447768647
835	-0.1447854292
836	-0.1448125133
837	-0.1448197151
838	-0.1448401634
839	-0.1448558425
840	-0.1448695002
841	-0.14491471
842	-0.1449218095
843	-0.1449424685
844	-0.1449623036
845	-0.144988964
846	-0.1450049127
847	-0.1450370616
848	-0.1450700461
849	-0.1450920243
850	-0.1451193087
851	-0.1451394804
852	-0.1451613588
853	-0.1451727847
854	-0.1451851851
855	-0.1452386141
856	-0.1452521899
857	-0.145293085
858	-0.1453582689
859	-0.1453902688
860	-0.1454580322
861	-0.1454716606
862	-0.1454806239
863	-0.1455214062
864	-0.145536715
865	-0.1455575428
866	-0.1455756513
867	-0.1457634527
868	-0.1457838125
869	-0.1458071721
870	-0.1458376068
871	-0.1458626705
872	-0.145866189
873	-0.1458798902
874	-0.14590526
875	-0.1459224216
876	-0.1459468881
877	-0.1459524961
878	-0.1459809832
879	-0.146003628
880	-0.1460372872
881	-0.1461950295
882	-0.1462187025
883	-0.1463507393
884	-0.1464553394
885	-0.1464780641
886	-0.1464905635
887	-0.146503683
888	-0.1465872897
889	-0.1466262839
890	-0.1466395162
891	-0.1466563008
892	-0.1466832858
893	-0.1467606992
894	-0.146787537
895	-0.1468489355
896	-0.1468563852
897	-0.1469125291
898	-0.1469705692
899	-0.1470108675
900	-0.1470335009
901	-0.1471530838
902	-0.1471622232
903	-0.1471816627
904	-0.1471943145
905	-0.1472170832
906	-0.1472280878
907	-0.147246322
908	-0.147276211
909	-0.1473533285
910	-0.1473617074
911	-0.1473738266
912	-0.1473850552
913	-0.1474258288
914	-0.1474513888
915	-0.1475168126
916	-0.1475356118
917	-0.1475604864
918	-0.1475718985
919	-0.1477044512
920	-0.1477235178
921	-0.1477451211
922	-0.1477755297
923	-0.1477891321
924	-0.1478749053
925	-0.1478921755
926	-0.1479134545
927	-0.1479376288
928	-0.1479517803
929	-0.1479699573
930	-0.1479836489
931	-0.1480361744
932	-0.1480642276
933	-0.1480859604
934	-0.1481109509
935	-0.148118953
936	-0.1481519335
937	-0.1481713806
938	-0.1481777254
939	-0.1481890843
940	-0.1482119595
941	-0.1482182944
942	-0.1482393319
943	-0.1482602613
944	-0.1482684901
945	-0.1482946792
946	-0.1483159939
947	-0.1483293298
948	-0.1483927192
949	-0.1484012365
950	-0.1484067237
951	-0.1484179422
952	-0.1484545925
953	-0.1484787632
954	-0.1484915054
955	-0.1485224437
956	-0.1485309678
957	-0.1485627706
958	-0.1485962396
959	-0.1486188745
960	-0.1486339418
961	-0.1486723029
962	-0.1486798366
963	-0.1486979447
964	-0.1487046967
965	-0.1487484245
966	-0.1487814699
967	-0.1487913878
968	-0.1488020659
969	-0.1488099748
970	-0.1488313138
971	-0.1489519183
972	-0.1489681237
973	-0.1490207863
974	-0.1490472813
975	-0.149057042
976	-0.1491134703
977	-0.1491358066
978	-0.1491564877
979	-0.1491826847
980	-0.1492043221
981	-0.1492192649
982	-0.1492325491
983	-0.1492547761
984	-0.1492626917
985	-0.1492781356
986	-0.1492930302
987	-0.1493083652
988	-0.1493403749
989	-0.1493594113
990	-0.1493829283
991	-0.1494019859
992	-0.14941156
993	-0.1494331883
994	-0.1494425984
995	-0.1494832955
996	-0.1494938269
997	-0.1495612994
998	-0.1495717254
999	-0.149587922
1000	-0.1496083164
1001	-0.1496209767
1002	-0.1496304216
1003	-0.1496410237
1004	-0.1496732113
1005	-0.149696227
1006	-0.1497712096
1007	-0.1497839338
1008	-0.1498000076
1009	-0.1498099803
1010	-0.14982269
1011	-0.1498494701
1012	-0.1499096289
1013	-0.1499268543
1014	-0.1499913999
1015	-0.1499999556
1016	-0.1500180419
1017	-0.1500360494
1018	-0.1500590587
1019	-0.1500690376
1020	-0.1500837512
1021	-0.1502283978
1022	-0.150235773
1023	-0.1502578964
1024	-0.1502704723
1025	-0.1502867332
1026	-0.150328738
1027	-0.1503551502
1028	-0.1503719888
1029	-0.1503785423
1030	-0.1503898673
1031	-0.1503996588
1032	-0.1504056904
1033	-0.1504337891
1034	-0.1504432056
1035	-0.1504821651
1036	-0.1505768282
1037	-0.1506025179
1038	-0.1506127707
1039	-0.1506208156
1040	-0.1506319491
1041	-0.1506581748
1042	-0.1506759335
1043	-0.1507078045
1044	-0.1507602417
1045	-0.1507831545
1046	-0.1507972088
1047	-0.1508494095
1048	-0.1508574224
1049	-0.1508606016
1050	-0.150873723
1051	-0.1509020274
1052	-0.15092076
1053	-0.1509344741
1054	-0.1509648813
1055	-0.1509814972
1056	-0.1509884495
1057	-0.1510823351
1058	-0.1510928291
1059	-0.151103421
1060	-0.1511350522
1061	-0.1512014438
1062	-0.1512123939
1063	-0.151230031
1064	-0.1512404398
1065	-0.1512606628
1066	-0.1512687981
1067	-0.1512783439
1068	-0.151313899
1069	-0.1513212952
1070	-0.1513317154
1071	-0.1513752039
1072	-0.1513863971
1073	-0.1514011796
1074	-0.1514150718
1075	-0.1514338915
1076	-0.1514639456
1077	-0.1514769187
1078	-0.1515038236
1079	-0.1515130374
1080	-0.1516040999
1081	-0.1516471844
1082	-0.1516535216
1083	-0.1516781841
1084	-0.1516891407
1085	-0.1517210448
1086	-0.1517274899
1087	-0.1518139533
1088	-0.1518397701
1089	-0.1518558955
1090	-0.1518700407
1091	-0.1518948876
1092	-0.1519027075
1093	-0.1519297332
1094	-0.1519345156
1095	-0.1519470384
1096	-0.1519658762
1097	-0.1519792652
1098	-0.1519945537
1099	-0.1520106489
1100	-0.1520269517
1101	-0.1520618035
1102	-0.1520855049
1103	-0.1521071652
1104	-0.1521124757
1105	-0.1521411272
1106	-0.1521569945
1107	-0.1521747196
1108	-0.1521897062
1109	-0.1521960505
1110	-0.1522046651
1111	-0.1522309892
1112	-0.1522502325
1113	-0.1522635291
1114	-0.1522827252
1115	-0.1523224221
1116	-0.152333469
1117	-0.1523751772
1118	-0.1523920802
1119	-0.1524113901
1120	-0.1524273877
1121	-0.152452668
1122	-0.1524670282
1123	-0.1524775947
1124	-0.1524930376
1125	-0.1525055498
1126	-0.1525218751
1127	-0.1525291046
1128	-0.1525668559
1129	-0.1525838113
1130	-0.1525907885
1131	-0.1526154739
1132	-0.152632338
1133	-0.1526570894
1134	-0.1526705656
1135	-0.1526898829
1136	-0.1526957414
1137	-0.1527149325
1138	-0.1527276894
1139	-0.1527431174
1140	-0.1527527283
1141	-0.1527681932
1142	-0.1528455415
1143	-0.1528552852
1144	-0.1529330468
1145	-0.1529386651
1146	-0.1529704964
1147	-0.152979945
1148	-0.1529912201
1149	-0.1530053155
1150	-0.1530243966
1151	-0.1530426517
1152	-0.1530584619
1153	-0.1530750375
1154	-0.153102434
1155	-0.1531318901
1156	-0.1531403818
1157	-0.1531586383
1158	-0.1531727442
1159	-0.153181378
1160	-0.1532203139
1161	-0.1532855169
1162	-0.1532964693
1163	-0.1533069183
1164	-0.1533146303
1165	-0.1533275927
1166	-0.1533337771
1167	-0.1533515992
1168	-0.1533637613
1169	-0.1533902556
1170	-0.1534034505
1171	-0.1534095021
1172	-0.1534265814
1173	-0.153444796
1174	-0.1534496665
1175	-0.1534686004
1176	-0.1534759898
1177	-0.1534891345
1178	-0.1535100489
1179	-0.1535206397
1180	-0.1535395476
1181	-0.1535559542
1182	-0.1535866483
1183	-0.1535938585
1184	-0.153621682
1185	-0.1536336152
1186	-0.1536450213
1187	-0.1536581392
1188	-0.1536706565
1189	-0.1536855892
1190	-0.1536971394
1191	-0.1537370697
1192	-0.1537558198
1193	-0.1537689818
1194	-0.1537774215
1195	-0.153781984
1196	-0.153795594
1197	-0.1538071842
1198	-0.1538155327
1199	-0.1538335968
1200	-0.153893586
1201	-0.1538983899
1202	-0.1539307731
1203	-0.153949368
1204	-0.1539679643
1205	-0.1539760161
1206	-0.1540101847
1207	-0.154053312
1208	-0.1540767444
1209	-0.1540950926
1210	-0.1541097223
1211	-0.154118241
1212	-0.1541519386
1213	-0.1541639759
1214	-0.1542081718
1215	-0.1542289607
1216	-0.1542447868
1217	-0.1542623851
1218	-0.154270134
1219	-0.154277448
1220	-0.1543126805
1221	-0.1543266214
1222	-0.1543379389
1223	-0.1543400098
1224	-0.1543694581
1225	-0.1543837083
1226	-0.1543884424
1227	-0.1543951212
1228	-0.1544251701
1229	-0.1544375942
1230	-0.1544451685
1231	-0.1544594609
1232	-0.154466794
1233	-0.1545124627
1234	-0.1545246001
1235	-0.1545381971
1236	-0.1545565814
1237	-0.1545719441
1238	-0.1545819385
1239	-0.1545992385
1240	-0.1546126974
1241	-0.1546209271
1242	-0.1546385656
1243	-0.1547211558
1244	-0.1547322529
1245	-0.1547876681
1246	-0.1548078327
1247	-0.1548279034
1248	-0.1548773554
1249	-0.1548922811
1250	-0.1549537609
1251	-0.1549769001
1252	-0.1549862909
1253	-0.1549916915
1254	-0.1550595566
1255	-0.1550712928
1256	-0.1550805655
1257	-0.1551344374
1258	-0.1551504354
1259	-0.1552501256
1260	-0.1553770037
1261	-0.1554500683
1262	-0.1554934227
1263	-0.1555035653
1264	-0.1555290688
1265	-0.1555365254
1266	-0.1555505164
1267	-0.1555696536
1268	-0.1555822474
1269	-0.1555923309
1270	-0.1556029418
1271	-0.1556842938
1272	-0.1556923159
1273	-0.1557018994
1274	-0.1557135131
1275	-0.155735538
1276	-0.1557844649
1277	-0.1558470476
1278	-0.155868425
1279	-0.155875616
1280	-0.1558883437
1281	-0.1558973229
1282	-0.155917261
1283	-0.1559484273
1284	-0.1560002115
1285	-0.1560088991
1286	-0.1560299935
1287	-0.1560751295
1288	-0.1560829911
1289	-0.156095008
1290	-0.156114333
1291	-0.1561530971
1292	-0.1561706413
1293	-0.1561864766
1294	-0.156202371
1295	-0.1562385946
1296	-0.1562447359
1297	-0.1562573035
1298	-0.1563592733
1299	-0.1564004891
1300	-0.156448402
1301	-0.1564965244
1302	-0.1565156349
1303	-0.1565201618
1304	-0.1565309614
1305	-0.1565650214
1306	-0.1565802566
1307	-0.1565991988
1308	-0.1566063423
1309	-0.1566135119
1310	-0.1566180056
1311	-0.1566332678
1312	-0.1566606675
1313	-0.1566724047
1314	-0.1566884877
1315	-0.1567127843
1316	-0.1567209569
1317	-0.1567295243
1318	-0.1567437445
1319	-0.1567642574
1320	-0.1567824867
1321	-0.1568348959
1322	-0.1568435687
1323	-0.1568802731
1324	-0.1568919139
1325	-0.1569238796
1326	-0.1569413665
1327	-0.1569650114
1328	-0.1569781054
1329	-0.1569961195
1330	-0.1570078636
1331	-0.157025601
1332	-0.1570882743
1333	-0.1571071626
1334	-0.1571213795
1335	-0.1571347474
1336	-0.1571518892
1337	-0.1571702849
1338	-0.1571826627
1339	-0.1571970668
1340	-0.1572122102
1341	-0.1572308082
1342	-0.1572413433
1343	-0.1572639849
1344	-0.1572920208
1345	-0.1573017158
1346	-0.1573113412
1347	-0.1573207572
1348	-0.1573543281
1349	-0.1573629782
1350	-0.1573863391
1351	-0.1574109782
1352	-0.1574174526
1353	-0.157426618
1354	-0.1574372179
1355	-0.1574695884
1356	-0.1574834504
1357	-0.1575032625
1358	-0.1575136855
1359	-0.1575251851
1360	-0.1575386552
1361	-0.1575456992
1362	-0.157552632
1363	-0.1575616274
1364	-0.1575823062
1365	-0.1575865282
1366	-0.1575990971
1367	-0.1576537267
1368	-0.1576584564
1369	-0.1576652212
1370	-0.1576761755
1371	-0.1576814081
1372	-0.1576994796
1373	-0.1577253697
1374	-0.1577316223
1375	-0.1577510942
1376	-0.1577594814
1377	-0.1577659228
1378	-0.1577705053
1379	-0.1577838912
1380	-0.1578169385
1381	-0.157839906
1382	-0.1578482649
1383	-0.1578581699
1384	-0.1578726465
1385	-0.1579184839
1386	-0.1579322013
1387	-0.1579439558
1388	-0.1579781678
1389	-0.1579841346
1390	-0.1579929781
1391	-0.1580165904
1392	-0.1580252501
1393	-0.1580418595
1394	-0.1580614184
1395	-0.1580740541
1396	-0.158085651
1397	-0.1581081501
1398	-0.1581183794
1399	-0.158157956
1400	-0.1581736855
1401	-0.1581808161
1402	-0.1581978679
1403	-0.1582045753
1404	-0.1582154158
1405	-0.1582218661
1406	-0.1582392625
1407	-0.1582490345
1408	-0.1582558186
1409	-0.1582668843
1410	-0.1582789297
1411	-0.158292203
1412	-0.1583027647
1413	-0.1583086621
1414	-0.1583145961
1415	-0.1583211698
1416	-0.1583348704
1417	-0.1583427763
1418	-0.1583488848
1419	-0.1583587863
1420	-0.1583683357
1421	-0.1583809446
1422	-0.1583898085
1423	-0.1583978752
1424	-0.15840417
1425	-0.1584161474
1426	-0.1584387416
1427	-0.1584610175
1428	-0.1584671809
1429	-0.1585109725
1430	-0.1585214404
1431	-0.1585300068
1432	-0.1585361899
1433	-0.1585860903
1434	-0.1585965748
1435	-0.1586173461
1436	-0.1586592349
1437	-0.1586736412
1438	-0.1586994474
1439	-0.1587120038
1440	-0.1587278986
1441	-0.1587346816
1442	-0.1587615538
1443	-0.1587973551
1444	-0.1588167613
1445	-0.1588257712
1446	-0.1588434021
1447	-0.1588538331
1448	-0.1588680182
1449	-0.1588845084
1450	-0.158893107
1451	-0.1589022847
1452	-0.1589125605
1453	-0.1589224159
1454	-0.1589287782
1455	-0.1589395047
1456	-0.1589504904
1457	-0.1589653192
1458	-0.1589821646
1459	-0.159007164
1460	-0.159018855
1461	-0.1590295789
1462	-0.1590370463
1463	-0.1590480635
1464	-0.1590614251
1465	-0.1590711113
1466	-0.1591029402
1467	-0.1591155212
1468	-0.159149047
1469	-0.1591689619
1470	-0.1591969718
1471	-0.1592246652
1472	-0.1592380953
1473	-0.1592463134
1474	-0.1592514958
1475	-0.1592576089
1476	-0.159279224
1477	-0.1593236942
1478	-0.1593295286
1479	-0.1593842895
1480	-0.1593872005
1481	-0.1593980716
1482	-0.1594192846
1483	-0.159436517
1484	-0.1594513974
1485	-0.1594559544
1486	-0.159462655
1487	-0.1594660975
1488	-0.1594811942
1489	-0.159497556
1490	-0.159505407
1491	-0.1595127443
1492	-0.1595201219
1493	-0.1595316814
1494	-0.1595398234
1495	-0.1595435285
1496	-0.1595496008
1497	-0.1595560008
1498	-0.1595664772
1499	-0.1595749528
1500	-0.1595868736
1501	-0.1596005405
1502	-0.1596085558
1503	-0.1596287545
1504	-0.1596479616
1505	-0.1596718861
1506	-0.1596831421
1507	-0.1596922407
1508	-0.1597079189
1509	-0.1597217489
1510	-0.1597329282
1511	-0.1597682824
1512	-0.1597786873
1513	-0.1597820751
1514	-0.1597962423
1515	-0.1598003679
1516	-0.1598114423
1517	-0.1598169924
1518	-0.159826081
1519	-0.1598314158
1520	-0.1598366329
1521	-0.1598626035
1522	-0.1598862991
1523	-0.1598945849
1524	-0.1599121466
1525	-0.159920685
1526	-0.1599250568
1527	-0.1599330461
1528	-0.1599461474
1529	-0.1599753781
1530	-0.1599904717
1531	-0.1599988826
1532	-0.160019826
1533	-0.1600266436
1534	-0.1600343085
1535	-0.160043372
1536	-0.1600569771
1537	-0.1600674164
1538	-0.160084888
1539	-0.1601063113
1540	-0.1601230005
1541	-0.1601286446
1542	-0.1601367681
1543	-0.1601631441
1544	-0.1601672008
1545	-0.1601740514
1546	-0.1601852953
1547	-0.1601940814
1548	-0.1602297304
1549	-0.1602370584
1550	-0.1602533259
1551	-0.1602742281
1552	-0.1602853921
1553	-0.1603238498
1554	-0.1603303665
1555	-0.1603394289
1556	-0.1603492752
1557	-0.1603678299
1558	-0.1603729761
1559	-0.1603846815
1560	-0.1604004569
1561	-0.1604039672
1562	-0.1604431143
1563	-0.1604741489
1564	-0.1604886391
1565	-0.1604926775
1566	-0.160495882
1567	-0.160500354
1568	-0.1605061032
1569	-0.1605259754
1570	-0.1605401427
1571	-0.1605509137
1572	-0.1605743134
1573	-0.160592133
1574	-0.1606139866
1575	-0.1606336878
1576	-0.1607007578
1577	-0.1607106256
1578	-0.1607177261
1579	-0.1607246974
1580	-0.160743119
1581	-0.1607481483
1582	-0.1607617666
1583	-0.1607750881
1584	-0.1607899968
1585	-0.16079745
1586	-0.1608051306
1587	-0.1608231343
1588	-0.1608375634
1589	-0.1608457204
1590	-0.1608547835
1591	-0.1608647422
1592	-0.1608728523
1593	-0.1608959857
1594	-0.1609259089
1595	-0.1609651905
1596	-0.1609732097
1597	-0.1609862805
1598	-0.1609894046
1599	-0.1609932539
1600	-0.1610099016
1601	-0.1610147162
1602	-0.1610272028
1603	-0.1610545738
1604	-0.1610633887
1605	-0.1611117561
1606	-0.1611187971
1607	-0.1611292714
1608	-0.16113586
1609	-0.1611453383
1610	-0.1611510001
1611	-0.1611555707
1612	-0.161178646
1613	-0.1611850798
1614	-0.1611954606
1615	-0.1612014479
1616	-0.1612115781
1617	-0.1612239321
1618	-0.1612304106
1619	-0.1612379021
1620	-0.1612562516
1621	-0.1612709226
1622	-0.1612753746
1623	-0.1613027909
1624	-0.1613200655
1625	-0.1613290979
1626	-0.1613513518
1627	-0.1613735406
1628	-0.1613965359
1629	-0.1614186641
1630	-0.1614393728
1631	-0.1614456235
1632	-0.1614553088
1633	-0.1614605374
1634	-0.1614705921
1635	-0.1614796571
1636	-0.1614856703
1637	-0.1615086499
1638	-0.1615160297
1639	-0.1615219343
1640	-0.1615319541
1641	-0.1615462059
1642	-0.1615535636
1643	-0.1615598284
1644	-0.1615869698
1645	-0.1615888783
1646	-0.16162067
1647	-0.1616389756
1648	-0.1616474526
1649	-0.1616582388
1650	-0.1616675615
1651	-0.1616762841
1652	-0.1616961384
1653	-0.1617021544
1654	-0.1617161528
1655	-0.1617231345
1656	-0.1617278066
1657	-0.1617350006
1658	-0.161747097
1659	-0.161756646
1660	-0.1617651203
1661	-0.1617725206
1662	-0.1617867433
1663	-0.1617952592
1664	-0.1618143364
1665	-0.1618383117
1666	-0.1618644618
1667	-0.1618812127
1668	-0.1619296042
1669	-0.1619341852
1670	-0.1619416123
1671	-0.1619479975
1672	-0.1619567108
1673	-0.161961031
1674	-0.1619752547
1675	-0.1619941671
1676	-0.1620043189
1677	-0.1620250165
1678	-0.1620389596
1679	-0.1620518397
1680	-0.1620651584
1681	-0.1620851129
1682	-0.1620915467
1683	-0.1621092916
1684	-0.1621192256
1685	-0.1621223851
1686	-0.1621291054
1687	-0.1621403367
1688	-0.1621601123
1689	-0.1621704016
1690	-0.1621789545
1691	-0.1621990888
1692	-0.1622041548
1693	-0.1622090072
1694	-0.16221706
1695	-0.1622277477
1696	-0.1622324626
1697	-0.1622468269
1698	-0.16225806
1699	-0.1622660717
1700	-0.162273202
1701	-0.1622792334
1702	-0.1622835248
1703	-0.1622899089
1704	-0.1622983838
1705	-0.1623070853
1706	-0.1623179896
1707	-0.1623861794
1708	-0.1623950482
1709	-0.1624058175
1710	-0.1624216133
1711	-0.1624278811
1712	-0.1624346061
1713	-0.1624436068
1714	-0.1624505798
1715	-0.16245512
1716	-0.1624676143
1717	-0.1624726741
1718	-0.1624790984
1719	-0.1624887935
1720	-0.1625009326
1721	-0.1625119765
1722	-0.1625162752
1723	-0.1625255014
1724	-0.1625316077
1725	-0.1625383154
1726	-0.1625470356
1727	-0.1625564105
1728	-0.1625877474
1729	-0.1625937844
1730	-0.1626006303
1731	-0.162608241
1732	-0.1626120005
1733	-0.1626215703
1734	-0.1626284523
1735	-0.1626401441
1736	-0.1626627541
1737	-0.162668001
1738	-0.1626741457
1739	-0.1626825885
1740	-0.1626930829
1741	-0.1627027944
1742	-0.1627073204
1743	-0.1627145879
1744	-0.1627352459
1745	-0.1627464797
1746	-0.1627534958
1747	-0.1627762967
1748	-0.1627860378
1749	-0.1627945307
1750	-0.1627989338
1751	-0.1628053635
1752	-0.1628196004
1753	-0.1628259623
1754	-0.1628331131
1755	-0.1628516035
1756	-0.162881141
1757	-0.1629005206
1758	-0.1629132423
1759	-0.1629177484
1760	-0.1629263623
1761	-0.1629481998
1762	-0.1629620596
1763	-0.1629786153
1764	-0.1629905962
1765	-0.162996651
1766	-0.163005819
1767	-0.163010677
1768	-0.1630212229
1769	-0.1630322944
1770	-0.1630364321
1771	-0.163041748
1772	-0.1630488228
1773	-0.1630615454
1774	-0.1630769181
1775	-0.1630805417
1776	-0.1630846155
1777	-0.1630924477
1778	-0.163104235
1779	-0.1631198506
1780	-0.1631259127
1781	-0.1631371072
1782	-0.1631467751
1783	-0.1631505247
1784	-0.1631584145
1785	-0.1631688047
1786	-0.163184036
1787	-0.1632024608
1788	-0.1632083619
1789	-0.1632210103
1790	-0.1632590149
1791	-0.1632705017
1792	-0.1632828518
1793	-0.1632890478
1794	-0.1632970315
1795	-0.1633182932
1796	-0.1633243766
1797	-0.1633529545
1798	-0.1633588022
1799	-0.163363409
1800	-0.1633659643
1801	-0.1633711867
1802	-0.1633748948
1803	-0.1633822951
1804	-0.1633935442
1805	-0.1634125081
1806	-0.1634302479
1807	-0.1634339628
1808	-0.1634610343
1809	-0.1634723496
1810	-0.1634785519
1811	-0.1634870449
1812	-0.163494648
1813	-0.163503958
1814	-0.1635110636
1815	-0.1635200154
1816	-0.1635254531
1817	-0.1635328581
1818	-0.1635429959
1819	-0.1635480723
1820	-0.1635714605
1821	-0.1635882622
1822	-0.1635974495
1823	-0.1636051478
1824	-0.1636108814
1825	-0.1636208626
1826	-0.1636285804
1827	-0.1636744513
1828	-0.1636806117
1829	-0.1636855001
1830	-0.1637023412
1831	-0.1637061859
1832	-0.1637127653
1833	-0.163724021
1834	-0.1637366259
1835	-0.1637424809
1836	-0.163754969
1837	-0.163769051
1838	-0.1637801647
1839	-0.1637880029
1840	-0.1638178415
1841	-0.1638348437
1842	-0.1638418897
1843	-0.1638588846
1844	-0.1638680128
1845	-0.163887131
1846	-0.1639010004
1847	-0.1639156599
1848	-0.1639229089
1849	-0.1639334769
1850	-0.1639385991
1851	-0.1639455249
1852	-0.1639474714
1853	-0.1639679971
1854	-0.1639746492
1855	-0.1639819722
1856	-0.1639947278
1857	-0.1639994129
1858	-0.1640047267
1859	-0.1640271405
1860	-0.1640459451
1861	-0.1640608649
1862	-0.1640705393
1863	-0.1640806564
1864	-0.1640874835
1865	-0.1640999077
1866	-0.1641033106
1867	-0.1641103658
1868	-0.1641233859
1869	-0.1641361666
1870	-0.1641446099
1871	-0.1641516255
1872	-0.1641561067
1873	-0.1641635992
1874	-0.1641729993
1875	-0.164178891
1876	-0.1641838759
1877	-0.1641891056
1878	-0.1641938506
1879	-0.164197897
1880	-0.1642036489
1881	-0.1642113203
1882	-0.1642159495
1883	-0.1642237953
1884	-0.1642304312
1885	-0.164243204
1886	-0.1642553288
1887	-0.1642608728
1888	-0.1642669777
1889	-0.1642783121
1890	-0.1642882968
1891	-0.1642965615
1892	-0.1642997918
1893	-0.1643046954
1894	-0.164326568
1895	-0.1643359801
1896	-0.164340915
1897	-0.1643539552
1898	-0.1643613826
1899	-0.1643647909
1900	-0.1643749843
1901	-0.1643900073
1902	-0.1643978514
1903	-0.1644068154
1904	-0.1644123556
1905	-0.1644160646
1906	-0.164421507
1907	-0.1644303864
1908	-0.1644451919
1909	-0.1644520056
1910	-0.1644622972
1911	-0.1644665358
1912	-0.1644715173
1913	-0.1644863826
1914	-0.1644968484
1915	-0.1645119527
1916	-0.1645171783
1917	-0.1645281055
1918	-0.1645371491
1919	-0.1645429717
1920	-0.1645526985
1921	-0.164561113
1922	-0.1645688718
1923	-0.1645854237
1924	-0.164601086
1925	-0.1646037225
1926	-0.1646118118
1927	-0.1646275204
1928	-0.1646351087
1929	-0.1646444789
1930	-0.164662668
1931	-0.1646694293
1932	-0.1646730374
1933	-0.16468415
1934	-0.1646886364
1935	-0.1646983844
1936	-0.164706729
1937	-0.1647124277
1938	-0.1647160873
1939	-0.1647292342
1940	-0.164735162
1941	-0.164743979
1942	-0.1647544176
1943	-0.1647611429
1944	-0.1647849689
1945	-0.164790746
1946	-0.1648010328
1947	-0.1648155985
1948	-0.1648291264
1949	-0.1648352708
1950	-0.164844667
1951	-0.1648513943
1952	-0.1648570309
1953	-0.1648627819
1954	-0.164870052
1955	-0.1648801885
1956	-0.1648897077
1957	-0.1649039606
1958	-0.164910115
1959	-0.1649224679
1960	-0.1649348327
1961	-0.1649433767
1962	-0.1649534906
1963	-0.1649676957
1964	-0.1649751519
1965	-0.1649838382
1966	-0.164991477
1967	-0.1649949171
1968	-0.1649970863
1969	-0.1650054464
1970	-0.1650162508
1971	-0.1650298637
1972	-0.1650354027
1973	-0.1650493397
1974	-0.1650558142
1975	-0.1650612353
1976	-0.1650782087
1977	-0.1650842613
1978	-0.1650916575
1979	-0.1650957739
1980	-0.1651010533
1981	-0.165121997
1982	-0.1651286231
1983	-0.1651415438
1984	-0.1651500264
1985	-0.1651545804
1986	-0.1651639603
1987	-0.165178088
1988	-0.1651889832
1989	-0.165191961
1990	-0.1652045662
1991	-0.165212618
1992	-0.1652178515
1993	-0.1652366234
1994	-0.1652437099
1995	-0.1652479622
1996	-0.1652666331
1997	-0.1652719047
1998	-0.1652759939
1999	-0.1652827081
2000	-0.1652868951
2001	-0.1652966204
2002	-0.1653107209
2003	-0.1653223308
2004	-0.1653289352
2005	-0.1653330432
2006	-0.165370762
2007	-0.1653837076
2008	-0.1653930224
2009	-0.165404998
2010	-0.1654196668
2011	-0.1654272402
2012	-0.1654346136
2013	-0.1654396462
2014	-0.1654553791
2015	-0.1654734988
2016	-0.1654787481
2017	-0.1654893242
2018	-0.1655064757
2019	-0.1655129546
2020	-0.1655215302
2021	-0.1655279469
2022	-0.1655419774
2023	-0.1655529453
2024	-0.1655601417
2025	-0.1655728669
2026	-0.1656138981
2027	-0.1656191388
2028	-0.1656257162
2029	-0.1656378849
2030	-0.1656486097
2031	-0.1656563545
2032	-0.1656650937
2033	-0.1656705844
2034	-0.165681192
2035	-0.165686086
2036	-0.1656944005
2037	-0.1657005724
2038	-0.1657090445
2039	-0.1657191201
2040	-0.1657228936
2041	-0.1657290868
2042	-0.1657370047
2043	-0.1657607341
2044	-0.1657641282
2045	-0.1657733034
2046	-0.1657776099
2047	-0.1657883176
2048	-0.1658074616
2049	-0.1658133665
2050	-0.1658177105
2051	-0.1658222969
2052	-0.1658262907
2053	-0.1658471651
2054	-0.1658572078
2055	-0.1658632951
2056	-0.165885063
2057	-0.1658894756
2058	-0.1659006601
2059	-0.1659129681
2060	-0.165917294
2061	-0.1659253247
2062	-0.1659367213
2063	-0.1659429092
2064	-0.1659565528
2065	-0.1659691104
2066	-0.165979862
2067	-0.1659862773
2068	-0.1660189391
2069	-0.1660237733
2070	-0.1660512494
2071	-0.166057115
2072	-0.1660682933
2073	-0.1660736466
2074	-0.1660780629
2075	-0.1660904564
2076	-0.166105652
2077	-0.1661222205
2078	-0.1661371078
2079	-0.1661475382
2080	-0.1661582175
2081	-0.1661776222
2082	-0.1661846141
2083	-0.1661914183
2084	-0.1661983641
2085	-0.1662116129
2086	-0.1662149198
2087	-0.1662251684
2088	-0.1662396953
2089	-0.1662479344
2090	-0.166263427
2091	-0.1662712625
2092	-0.166290348
2093	-0.1662961015
2094	-0.1663060091
2095	-0.1663100088
2096	-0.1663229898
2097	-0.1663395881
2098	-0.16634387
2099	-0.1663473702
2100	-0.1663619328
2101	-0.1663860204
2102	-0.1663905696
2103	-0.1663976797
2104	-0.1664047659
2105	-0.1664122893
2106	-0.1664200429
2107	-0.1664378122
2108	-0.1664430378
2109	-0.1664566552
2110	-0.1664681852
2111	-0.1664735799
2112	-0.1664858887
2113	-0.1664904522
2114	-0.1665009401
2115	-0.1665172563
2116	-0.1665210993
2117	-0.1665340546
2118	-0.1665407815
2119	-0.1665470714
2120	-0.1665563055
2121	-0.1665724701
2122	-0.1666060087
2123	-0.1666113166
2124	-0.1666155356
2125	-0.1666206161
2126	-0.1666272536
2127	-0.1666474805
2128	-0.166656625
2129	-0.1666615038
2130	-0.1666658178
2131	-0.1666783308
2132	-0.1666844197
2133	-0.1666902293
2134	-0.1667012501
2135	-0.1667073704
2136	-0.1667205823
2137	-0.1667238216
2138	-0.1667299691
2139	-0.1667641683
2140	-0.1667715918
2141	-0.1667785229
2142	-0.1667828729
2143	-0.1667846765
2144	-0.1667894558
2145	-0.166793954
2146	-0.1667981262
2147	-0.16682338
2148	-0.1668268494
2149	-0.1668308875
2150	-0.1668403491
2151	-0.1668482925
2152	-0.1668548024
2153	-0.1668604545
2154	-0.1668660182
2155	-0.1668725609
2156	-0.1668764764
2157	-0.1668828183
2158	-0.1668944366
2159	-0.1668990067
2160	-0.1669010305
2161	-0.1669134727
2162	-0.1669246005
2163	-0.1669317221
2164	-0.1669388519
2165	-0.1669452748
2166	-0.1669544849
2167	-0.1669615324
2168	-0.1669782196
2169	-0.1669992365
2170	-0.167005678
2171	-0.1670215798
2172	-0.1670430204
2173	-0.1670491228
2174	-0.1670541494
2175	-0.1670749524
2176	-0.1671408874
2177	-0.1671503251
2178	-0.1671566804
2179	-0.1671617922
2180	-0.1671740374
2181	-0.1671936657
2182	-0.1672004234
2183	-0.1672054782
2184	-0.1672088359
2185	-0.1672333147
2186	-0.1672374602
2187	-0.1672466807
2188	-0.1672608662
2189	-0.1672685058
2190	-0.1672725878
2191	-0.1672832244
2192	-0.1672901121
2193	-0.167292404
2194	-0.1672993898
2195	-0.167311618
2196	-0.1673151884
2197	-0.1673205893
2198	-0.1673267642
2199	-0.1673383726
2200	-0.1673481392
2201	-0.1673549286
2202	-0.1673631721
2203	-0.1673729529
2204	-0.1673815653
2205	-0.1673903143
2206	-0.1673941691
2207	-0.167414568
2208	-0.167425322
2209	-0.1674301834
2210	-0.1674356635
2211	-0.1674399192
2212	-0.167447977
2213	-0.1674663118
2214	-0.1674679233
2215	-0.1674736657
2216	-0.1674793062
2217	-0.1674833658
2218	-0.1674867391
2219	-0.1674931112
2220	-0.167507321
2221	-0.1675178536
2222	-0.1675277392
2223	-0.1675366955
2224	-0.167541042
2225	-0.167549776
2226	-0.1675553188
2227	-0.1675670621
2228	-0.1675705696
2229	-0.1675771142
2230	-0.1675861353
2231	-0.1675994062
2232	-0.1676058847
2233	-0.1676110551
2234	-0.1676321364
2235	-0.1676359692
2236	-0.167642965
2237	-0.1676483978
2238	-0.1676614222
2239	-0.1676686972
2240	-0.1676824087
2241	-0.1676884513
2242	-0.1676953226
2243	-0.1677085967
2244	-0.167719776
2245	-0.1677247086
2246	-0.1677330131
2247	-0.1677354873
2248	-0.1677425708
2249	-0.1677484771
2250	-0.1677578078
2251	-0.1677642234
2252	-0.167768778
2253	-0.1677754972
2254	-0.1677890377
2255	-0.1678054501
2256	-0.167817534
2257	-0.1678235682
2258	-0.1678301007
2259	-0.1678383426
2260	-0.1678493628
2261	-0.167882595
2262	-0.1678859188
2263	-0.1679115531
2264	-0.1679226967
2265	-0.1679313048
2266	-0.167941489
2267	-0.1679531119
2268	-0.1679581804
2269	-0.1679600213
2270	-0.1679758726
2271	-0.1679804209
2272	-0.1679914776
2273	-0.1680001717
2274	-0.1680029328
2275	-0.1680087864
2276	-0.168017857
2277	-0.1680254715
2278	-0.1680318848
2279	-0.1680385926
2280	-0.1680406063
2281	-0.1680561753
2282	-0.1680624407
2283	-0.1680763466
2284	-0.1680844599
2285	-0.1681034752
2286	-0.1681505579
2287	-0.1681550119
2288	-0.1681692809
2289	-0.1681795297
2290	-0.1681960702
2291	-0.1682048474
2292	-0.1682181919
2293	-0.1682209612
2294	-0.168227556
2295	-0.1682343355
2296	-0.1682415944
2297	-0.168245409
2298	-0.168249122
2299	-0.168255247
2300	-0.1682714938
2301	-0.1682913271
2302	-0.168296885
2303	-0.1683028935
2304	-0.1683108896
2305	-0.1683149978
2306	-0.1683685653
2307	-0.1683798188
2308	-0.1683898674
2309	-0.1684028077
2310	-0.1684075993
2311	-0.1684241044
2312	-0.1684383165
2313	-0.1684557339
2314	-0.1684771238
2315	-0.1684920668
2316	-0.1684983769
2317	-0.1685351584
2318	-0.1685397078
2319	-0.1685477234
2320	-0.1685531951
2321	-0.1685611559
2322	-0.168574438
2323	-0.1685789994
2324	-0.1685856221
2325	-0.1685915762
2326	-0.1686024252
2327	-0.1686100458
2328	-0.1686189688
2329	-0.1686239878
2330	-0.1686287319
2331	-0.1686319961
2332	-0.1686376052
2333	-0.1686458162
2334	-0.1686533777
2335	-0.1686591467
2336	-0.1686676967
2337	-0.1686758781
2338	-0.1686821111
2339	-0.1687189412
2340	-0.1687307381
2341	-0.1687362041
2342	-0.1687405137
2343	-0.1687511876
2344	-0.1687565608
2345	-0.1687649138
2346	-0.1687747476
2347	-0.1687804657
2348	-0.1687847769
2349	-0.1687911733
2350	-0.1687980695
2351	-0.1688019525
2352	-0.1688121268
2353	-0.1688205822
2354	-0.1688316703
2355	-0.1688572084
2356	-0.1688618272
2357	-0.1688742958
2358	-0.1688814225
2359	-0.1688841423
2360	-0.1688928637
2361	-0.1689038898
2362	-0.1689076716
2363	-0.168910149
2364	-0.1689531712
2365	-0.1689626873
2366	-0.168967856
2367	-0.1689742299
2368	-0.1689818394
2369	-0.1689880482
2370	-0.1689930996
2371	-0.1689986248
2372	-0.1690067596
2373	-0.1690122004
2374	-0.1690209456
2375	-0.169026869
2376	-0.1690328111
2377	-0.1690373103
2378	-0.1690521878
2379	-0.1690591958
2380	-0.1690651124
2381	-0.1690695663
2382	-0.1690778551
2383	-0.1690817298
2384	-0.1690896035
2385	-0.1690933477
2386	-0.1691016099
2387	-0.169108119
2388	-0.1691178742
2389	-0.1691222839
2390	-0.1691262082
2391	-0.1691403199
2392	-0.1691601778
2393	-0.1691700709
2394	-0.1691862815
2395	-0.1691893211
2396	-0.1692000303
2397	-0.1692186655
2398	-0.169225575
2399	-0.1692347391
2400	-0.1692432854
2401	-0.1692490152
2402	-0.1692528306
2403	-0.1692632467
2404	-0.1692783046
2405	-0.1692815186
2406	-0.1692894635
2407	-0.1692955187
2408	-0.1693041528
2409	-0.1693175854
2410	-0.169322037
2411	-0.1693263826
2412	-0.1693330278
2413	-0.1693412202
2414	-0.1693493333
2415	-0.1693576027
2416	-0.1693615296
2417	-0.1693678362
2418	-0.1693724889
2419	-0.1693759262
2420	-0.1693868496
2421	-0.1693923704
2422	-0.1693966205
2423	-0.1694055209
2424	-0.1694146795
2425	-0.1694232256
2426	-0.1694267284
2427	-0.1694360935
2428	-0.1694405572
2429	-0.1694467122
2430	-0.1694534457
2431	-0.169458083
2432	-0.169466727
2433	-0.1694726648
2434	-0.1694787543
2435	-0.1694906967
2436	-0.1695081185
2437	-0.169512982
2438	-0.1695176918
2439	-0.1695421993
2440	-0.1695492342
2441	-0.1695513993
2442	-0.1695678005
2443	-0.1695759458
2444	-0.1695824483
2445	-0.1695892426
2446	-0.1695998185
2447	-0.1696064646
2448	-0.1696093765
2449	-0.1696177432
2450	-0.1696220956
2451	-0.1696336875
2452	-0.1696355576
2453	-0.1696474261
2454	-0.1696514925
2455	-0.1696558137
2456	-0.1696633997
2457	-0.1696710321
2458	-0.1696736766
2459	-0.169682846
2460	-0.1696924686
2461	-0.1697056104
2462	-0.1697119566
2463	-0.1697159253
2464	-0.1697237672
2465	-0.1697301698
2466	-0.1697342346
2467	-0.169788677
2468	-0.169797845
2469	-0.1698034093
2470	-0.1698066804
2471	-0.1698167418
2472	-0.1698215875
2473	-0.1698282564
2474	-0.1698348566
2475	-0.1698425734
2476	-0.1698525109
2477	-0.1698618396
2478	-0.1698678704
2479	-0.1698729404
2480	-0.1698815274
2481	-0.1698925778
2482	-0.1698971762
2483	-0.1699018839
2484	-0.1699057996
2485	-0.1699149759
2486	-0.1699206603
2487	-0.1699242544
2488	-0.1699340697
2489	-0.1699465871
2490	-0.1699519298
2491	-0.1699598922
2492	-0.1699699907
2493	-0.1699776678
2494	-0.1699882655
2495	-0.1699992292
2496	-0.1700046066
2497	-0.1700289183
2498	-0.1700476677
2499	-0.1700558557
2500	-0.170062838
2501	-0.1700675557
2502	-0.170074342
2503	-0.1700783385
2504	-0.170082574
2505	-0.1700998433
2506	-0.170106938
2507	-0.1701419246
2508	-0.170154163
2509	-0.1701773728
2510	-0.1701815368
2511	-0.1701867504
2512	-0.170195059
2513	-0.1702001451
2514	-0.1702067776
2515	-0.1702105724
2516	-0.170214329
2517	-0.1702185113
2518	-0.1702225229
2519	-0.1702311288
2520	-0.1702447262
2521	-0.1702528222
2522	-0.1702557672
2523	-0.17026472
2524	-0.1702684649
2525	-0.170290931
2526	-0.1702976637
2527	-0.1703394013
2528	-0.1703444411
2529	-0.1703482704
2530	-0.1703527554
2531	-0.1703664504
2532	-0.1703830495
2533	-0.1703976585
2534	-0.1704007576
2535	-0.1704067277
2536	-0.1704201774
2537	-0.1704282709
2538	-0.1704317777
2539	-0.170436511
2540	-0.1704440723
2541	-0.1704529645
2542	-0.1704580478
2543	-0.1704714761
2544	-0.1704749788
2545	-0.1704864396
2546	-0.1704917925
2547	-0.1705041773
2548	-0.1705104569
2549	-0.1705154511
2550	-0.1705256292
2551	-0.1705390443
2552	-0.1705590991
2553	-0.1705663227
2554	-0.1705709151
2555	-0.1705769709
2556	-0.1705882092
2557	-0.1705920364
2558	-0.1705963824
2559	-0.170601708
2560	-0.170621571
2561	-0.1706327405
2562	-0.1706418904
2563	-0.1706510158
2564	-0.1706574428
2565	-0.1706599294
2566	-0.1706634859
2567	-0.1706751737
2568	-0.170682245
2569	-0.1706876026
2570	-0.1706904745
2571	-0.1707083486
2572	-0.1707142869
2573	-0.1707193216
2574	-0.1707559985
2575	-0.1707596868
2576	-0.1707660636
2577	-0.1707763834
2578	-0.1707860074
2579	-0.1707907661
2580	-0.1707983251
2581	-0.1708012054
2582	-0.1708084265
2583	-0.1708137137
2584	-0.1708324903
2585	-0.1708409053
2586	-0.1708492786
2587	-0.1708553767
2588	-0.1708587952
2589	-0.1708625093
2590	-0.1708699688
2591	-0.1708783359
2592	-0.1708828495
2593	-0.1708883981
2594	-0.170892085
2595	-0.1708947559
2596	-0.1708973501
2597	-0.1709071233
2598	-0.1709139632
2599	-0.1709209878
2600	-0.1709248641
2601	-0.1709339765
2602	-0.1709466538
2603	-0.1709499073
2604	-0.1709527868
2605	-0.1709740651
2606	-0.1709891545
2607	-0.1709925091
2608	-0.170999013
2609	-0.1710056431
2610	-0.1710141863
2611	-0.171018775
2612	-0.1710252083
2613	-0.1710346021
2614	-0.1710453219
2615	-0.1710503308
2616	-0.171052382
2617	-0.1710632306
2618	-0.1710692023
2619	-0.1710717612
2620	-0.1710757578
2621	-0.1710843867
2622	-0.1710902462
2623	-0.1710954562
2624	-0.1711006405
2625	-0.171102032
2626	-0.1711084459
2627	-0.1711143284
2628	-0.1711207218
2629	-0.1711270036
2630	-0.171137506
2631	-0.1711450322
2632	-0.1711528723
2633	-0.1711611419
2634	-0.1711930441
2635	-0.1711983587
2636	-0.1712035703
2637	-0.1712115555
2638	-0.1712230552
2639	-0.1712330063
2640	-0.1712376702
2641	-0.1712640736
2642	-0.1712720109
2643	-0.1712792705
2644	-0.1712830091
2645	-0.171286002
2646	-0.1712899643
2647	-0.1712978613
2648	-0.1713178975
2649	-0.171325297
2650	-0.1713278631
2651	-0.1713334298
2652	-0.1713425632
2653	-0.1713489731
2654	-0.1713570682
2655	-0.1713637548
2656	-0.1713680323
2657	-0.1713714824
2658	-0.1713773937
2659	-0.1713817098
2660	-0.1713892111
2661	-0.1713962895
2662	-0.1714015523
2663	-0.1714066132
2664	-0.1714104816
2665	-0.1714291537
2666	-0.1714354714
2667	-0.1714417202
2668	-0.1714468267
2669	-0.1714728675
2670	-0.1714825059
2671	-0.1714859919
2672	-0.1714930184
2673	-0.171503981
2674	-0.1715130404
2675	-0.1715238861
2676	-0.1715296234
2677	-0.1715331899
2678	-0.1715441466
2679	-0.1715507816
2680	-0.171562438
2681	-0.1715665162
2682	-0.1715694755
2683	-0.171574773
2684	-0.1715819788
2685	-0.1715909627
2686	-0.1715990217
2687	-0.1716085464
2688	-0.1716116418
2689	-0.1716146155
2690	-0.1716220272
2691	-0.1716270882
2692	-0.1716330277
2693	-0.1716426937
2694	-0.1716513766
2695	-0.1716657321
2696	-0.1716722517
2697	-0.1716875684
2698	-0.1716930885
2699	-0.171697299
2700	-0.1716992745
2701	-0.171702724
2702	-0.171706914
2703	-0.1717102159
2704	-0.1717246568
2705	-0.1717291026
2706	-0.1717352194
2707	-0.1717381887
2708	-0.171740841
2709	-0.1717481736
2710	-0.1717547458
2711	-0.1717622707
2712	-0.1717666944
2713	-0.1717682579
2714	-0.1717733551
2715	-0.1717805908
2716	-0.1717849774
2717	-0.1717886474
2718	-0.1717968944
2719	-0.1718006979
2720	-0.1718112495
2721	-0.1718174589
2722	-0.1718204085
2723	-0.1718289502
2724	-0.1718334749
2725	-0.1718469374
2726	-0.171854244
2727	-0.1718598259
2728	-0.1718660233
2729	-0.1718766584
2730	-0.1718823533
2731	-0.1718858601
2732	-0.1718944902
2733	-0.1719101099
2734	-0.17191746
2735	-0.1719215781
2736	-0.1719277013
2737	-0.1719359069
2738	-0.1719423298
2739	-0.171969623
2740	-0.1719764767
2741	-0.1719872127
2742	-0.1719913456
2743	-0.1719970862
2744	-0.1720009491
2745	-0.1720160862
2746	-0.1720192579
2747	-0.1720239589
2748	-0.1720381697
2749	-0.1720430494
2750	-0.1720452439
2751	-0.17205524
2752	-0.1720679557
2753	-0.1720795992
2754	-0.1720882535
2755	-0.1720917213
2756	-0.1720952289
2757	-0.1721003793
2758	-0.1721109389
2759	-0.1721241433
2760	-0.1721361121
2761	-0.172142597
2762	-0.1721499287
2763	-0.1721561023
2764	-0.1721599605
2765	-0.172167072
2766	-0.1721727756
2767	-0.1721823917
2768	-0.1721876431
2769	-0.1721986561
2770	-0.1722040044
2771	-0.1722087055
2772	-0.172211461
2773	-0.1722161839
2774	-0.1722236586
2775	-0.1722332738
2776	-0.1722414004
2777	-0.1722475628
2778	-0.1722509314
2779	-0.1722587191
2780	-0.1722652283
2781	-0.172273305
2782	-0.1722830582
2783	-0.1723164417
2784	-0.1723242945
2785	-0.1723291236
2786	-0.1723403301
2787	-0.1723438552
2788	-0.1723567636
2789	-0.1723770799
2790	-0.1723875853
2791	-0.172393143
2792	-0.1724072451
2793	-0.1724143366
2794	-0.1724178933
2795	-0.1724233322
2796	-0.1724294555
2797	-0.172434057
2798	-0.1724426895
2799	-0.1724476767
2800	-0.1724535295
2801	-0.1724584481
2802	-0.1724619479
2803	-0.1724669813
2804	-0.1724719983
2805	-0.1724772629
2806	-0.1724813757
2807	-0.1724841656
2808	-0.1724893777
2809	-0.1724958224
2810	-0.1725037828
2811	-0.1725092508
2812	-0.1725171199
2813	-0.1725200063
2814	-0.1725266107
2815	-0.172532359
2816	-0.1725377749
2817	-0.1725411578
2818	-0.1725451978
2819	-0.1725812888
2820	-0.1725872795
2821	-0.1725913561
2822	-0.1725963379
2823	-0.1726615622
2824	-0.1726707295
2825	-0.1726771579
2826	-0.1726847701
2827	-0.1726905626
2828	-0.1726997731
2829	-0.1727058146
2830	-0.1727107235
2831	-0.1727171846
2832	-0.1727205984
2833	-0.1727244296
2834	-0.1727294749
2835	-0.1727334021
2836	-0.1727357646
2837	-0.1727391304
2838	-0.1727407922
2839	-0.1727438998
2840	-0.1727564025
2841	-0.1727676341
2842	-0.1727761825
2843	-0.1727798983
2844	-0.1727812248
2845	-0.1727934375
2846	-0.1727962685
2847	-0.1728016343
2848	-0.172805302
2849	-0.1728096403
2850	-0.1728134265
2851	-0.1728210281
2852	-0.172826531
2853	-0.1728322864
2854	-0.1728391566
2855	-0.1728436114
2856	-0.1728510083
2857	-0.1728550838
2858	-0.1728709576
2859	-0.1728740622
2860	-0.172878407
2861	-0.1728918817
2862	-0.1728988695
2863	-0.1729029517
2864	-0.1729055423
2865	-0.1729118803
2866	-0.1729266167
2867	-0.1729351723
2868	-0.172940497
2869	-0.1729463453
2870	-0.1729495837
2871	-0.1729557653
2872	-0.1729611483
2873	-0.1729707729
2874	-0.1729779258
2875	-0.1729829145
2876	-0.1729908664
2877	-0.1729974712
2878	-0.1730040462
2879	-0.1730153255
2880	-0.1730199354
2881	-0.1730334729
2882	-0.1730386769
2883	-0.173046913
2884	-0.1730571398
2885	-0.1730656969
2886	-0.1730719637
2887	-0.1730822246
2888	-0.173089589
2889	-0.1730943131
2890	-0.1731061182
2891	-0.1731105217
2892	-0.1731255164
2893	-0.1731300136
2894	-0.1731330865
2895	-0.1731375174
2896	-0.1731526087
2897	-0.1731563178
2898	-0.1731621498
2899	-0.1731715062
2900	-0.1731755924
2901	-0.1731787164
2902	-0.173181193
2903	-0.1731877248
2904	-0.1731982007
2905	-0.1732049548
2906	-0.1732110394
2907	-0.1732145975
2908	-0.1732200448
2909	-0.1732223977
2910	-0.1732285611
2911	-0.1732331263
2912	-0.1732390493
2913	-0.1732423287
2914	-0.1732483714
2915	-0.1732544688
2916	-0.1732588422
2917	-0.1732642813
2918	-0.1732795195
2919	-0.1732819266
2920	-0.1732968274
2921	-0.1733010932
2922	-0.1733076612
2923	-0.1733104525
2924	-0.1733176675
2925	-0.1733302522
2926	-0.1733358712
2927	-0.1733567594
2928	-0.1733625868
2929	-0.1733676536
2930	-0.1733764006
2931	-0.1733891234
2932	-0.1733915949
2933	-0.1733984464
2934	-0.1734025368
2935	-0.1734114124
2936	-0.1734202821
2937	-0.1734257464
2938	-0.1734343807
2939	-0.1734384638
2940	-0.1734417114
2941	-0.1734480583
2942	-0.1734557012
2943	-0.173456995
2944	-0.1734625779
2945	-0.1734689883
2946	-0.1734730265
2947	-0.1734783583
2948	-0.1734897772
2949	-0.1734966142
2950	-0.1735028098
2951	-0.1735054858
2952	-0.1735128419
2953	-0.1735178803
2954	-0.1735215931
2955	-0.173524977
2956	-0.1735290502
2957	-0.1735356443
2958	-0.173564752
2959	-0.1735726938
2960	-0.1735776274
2961	-0.1735868809
2962	-0.1735879845
2963	-0.1736024345
2964	-0.1736062685
2965	-0.173610176
2966	-0.1736169941
2967	-0.1736229532
2968	-0.1736352026
2969	-0.1736409641
2970	-0.1736508683
2971	-0.1736537166
2972	-0.1736625013
2973	-0.1736692945
2974	-0.1736738046
2975	-0.1736780821
2976	-0.1736855338
2977	-0.173692185
2978	-0.1737085317
2979	-0.1737287593
2980	-0.1737322104
2981	-0.1737430245
2982	-0.1737509942
2983	-0.1737538085
2984	-0.173756539
2985	-0.1737620442
2986	-0.1737685383
2987	-0.1737756848
2988	-0.1737839384
2989	-0.173791338
2990	-0.1737994271
2991	-0.1738039322
2992	-0.1738099575
2993	-0.1738153351
2994	-0.1738230812
2995	-0.1738289169
2996	-0.1738348753
2997	-0.1738399384
2998	-0.1738454616
2999	-0.1738682153
3000	-0.173872909
3001	-0.1738816293
3002	-0.1738879324
3003	-0.1738950674
3004	-0.173903922
3005	-0.1739108663
3006	-0.1739164639
3007	-0.1739211242
3008	-0.1739240793
3009	-0.1739288163
3010	-0.1739381805
3011	-0.1739421138
3012	-0.1739643413
3013	-0.173970084
3014	-0.1739763769
3015	-0.1739805601
3016	-0.1739856753
3017	-0.1739935097
3018	-0.1740142657
3019	-0.174021073
3020	-0.1740300888
3021	-0.1740364791
3022	-0.1740478803
3023	-0.1740513897
3024	-0.1740617398
3025	-0.1740703819
3026	-0.1740820555
3027	-0.1740931551
3028	-0.1740973676
3029	-0.1741029296
3030	-0.1741055665
3031	-0.1741099903
3032	-0.1741164607
3033	-0.1741213256
3034	-0.1741265094
3035	-0.1741302068
3036	-0.1741337444
3037	-0.1741505464
3038	-0.1741595181
3039	-0.1741654566
3040	-0.1741702078
3041	-0.1741758553
3042	-0.1741824058
3043	-0.1741927037
3044	-0.1741969626
3045	-0.1742000521
3046	-0.174204917
3047	-0.1742090864
3048	-0.1742136163
3049	-0.1742185789
3050	-0.1742233614
3051	-0.1742335333
3052	-0.1742386874
3053	-0.1742464297
3054	-0.1742698354
3055	-0.1742747354
3056	-0.1742776719
3057	-0.1742793925
3058	-0.1742846139
3059	-0.1742895712
3060	-0.1742929933
3061	-0.1742991154
3062	-0.1743062141
3063	-0.1743098135
3064	-0.1743145507
3065	-0.1743187875
3066	-0.174321829
3067	-0.1743312216
3068	-0.1743345357
3069	-0.1743408992
3070	-0.1743505693
3071	-0.1743606348
3072	-0.1743674541
3073	-0.1743751067
3074	-0.1743813622
3075	-0.1743897334
3076	-0.1743933069
3077	-0.1744023386
3078	-0.1744073606
3079	-0.1744116316
3080	-0.1744658049
3081	-0.1744740913
3082	-0.1744789494
3083	-0.1744815327
3084	-0.1744905357
3085	-0.1745050929
3086	-0.1745103187
3087	-0.1745166498
3088	-0.1745247473
3089	-0.1745271464
3090	-0.1745354224
3091	-0.1745447151
3092	-0.1745487884
3093	-0.174554775
3094	-0.174559445
3095	-0.1745625666
3096	-0.1745650503
3097	-0.1745803287
3098	-0.1745888199
3099	-0.1745935965
3100	-0.1745978902
3101	-0.1746022903
3102	-0.1746073759
3103	-0.1746160465
3104	-0.1746262641
3105	-0.1746306874
3106	-0.1746355848
3107	-0.1746447157
3108	-0.174649027
3109	-0.1746534693
3110	-0.1746741571
3111	-0.1746821024
3112	-0.1746893004
3113	-0.1746940876
3114	-0.1746962882
3115	-0.1747158572
3116	-0.1747200119
3117	-0.174748696
3118	-0.1747530121
3119	-0.1747610575
3120	-0.174771899
3121	-0.1747777291
3122	-0.174783039
3123	-0.174788319
3124	-0.1747948023
3125	-0.1748011745
3126	-0.1748054952
3127	-0.1748109291
3128	-0.1748221509
3129	-0.1748254626
3130	-0.1748325687
3131	-0.1748381781
3132	-0.1748477481
3133	-0.1748524208
3134	-0.1748546644
3135	-0.1748600859
3136	-0.1748635539
3137	-0.1748668982
3138	-0.174871333
3139	-0.1748761899
3140	-0.1748819903
3141	-0.1748912366
3142	-0.1748971096
3143	-0.174904698
3144	-0.1749153774
3145	-0.1749237327
3146	-0.1749304696
3147	-0.1749330408
3148	-0.174968029
3149	-0.1749722008
3150	-0.174974707
3151	-0.1749843804
3152	-0.174990595
3153	-0.1750094717
3154	-0.1750255529
3155	-0.1750305109
3156	-0.1750339192
3157	-0.1750386183
3158	-0.1750451452
3159	-0.1750514402
3160	-0.1750562661
3161	-0.175063801
3162	-0.1750719592
3163	-0.1750800598
3164	-0.175082704
3165	-0.1750853221
3166	-0.1750927796
3167	-0.1750957831
3168	-0.1751037805
3169	-0.1751066876
3170	-0.1751147598
3171	-0.1751179633
3172	-0.1751346351
3173	-0.1751373795
3174	-0.1751397827
3175	-0.1751433145
3176	-0.1751469346
3177	-0.1751552641
3178	-0.1751605698
3179	-0.1751683948
3180	-0.1751731861
3181	-0.175182242
3182	-0.1751880117
3183	-0.1751910086
3184	-0.1751942235
3185	-0.1751969013
3186	-0.1752025159
3187	-0.1752041851
3188	-0.1752086031
3189	-0.1752163758
3190	-0.1752192697
3191	-0.1752253278
3192	-0.1752299384
3193	-0.1752371556
3194	-0.1752433167
3195	-0.1752474529
3196	-0.1752552997
3197	-0.1752573407
3198	-0.1752612064
3199	-0.1752762681
3200	-0.1752812456
3201	-0.1753027796
3202	-0.1753322416
3203	-0.1753374874
3204	-0.175343026
3205	-0.1753575371
3206	-0.1753707442
3207	-0.1753890944
3208	-0.1754006204
3209	-0.1754088495
3210	-0.1754137664
3211	-0.1754176427
3212	-0.1754214891
3213	-0.1754294561
3214	-0.175433281
3215	-0.1754632899
3216	-0.1754657567
3217	-0.1754693925
3218	-0.175471127
3219	-0.1754782078
3220	-0.1754814306
3221	-0.1754846363
3222	-0.1754888333
3223	-0.1754965127
3224	-0.1755003346
3225	-0.1755064065
3226	-0.1755108387
3227	-0.1755221745
3228	-0.1755258316
3229	-0.1755289466
3230	-0.1755321925
3231	-0.1755385207
3232	-0.175541689
3233	-0.1755466248
3234	-0.175550885
3235	-0.1755564115
3236	-0.175561656
3237	-0.1755715838
3238	-0.1755764994
3239	-0.1755837699
3240	-0.1755950169
3241	-0.1755970238
3242	-0.1756091561
3243	-0.1756200045
3244	-0.1756307039
3245	-0.1756390759
3246	-0.1756414466
3247	-0.1756457261
3248	-0.1756482231
3249	-0.1756511664
3250	-0.1756544336
3251	-0.175659717
3252	-0.1756641859
3253	-0.1756676115
3254	-0.1756812905
3255	-0.1756861539
3256	-0.1756880137
3257	-0.1756970094
3258	-0.1757036343
3259	-0.1757160075
3260	-0.1757251268
3261	-0.1757285382
3262	-0.1757386306
3263	-0.175754619
3264	-0.1757619188
3265	-0.1757727062
3266	-0.1757826448
3267	-0.1757849971
3268	-0.1757926881
3269	-0.1758011915
3270	-0.1758056423
3271	-0.1758088798
3272	-0.1758131158
3273	-0.1758281493
3274	-0.175838728
3275	-0.1758464172
3276	-0.175849104
3277	-0.175852496
3278	-0.1758596276
3279	-0.175863991
3280	-0.1758685915
3281	-0.1758742693
3282	-0.1758764496
3283	-0.1758807405
3284	-0.1758855019
3285	-0.1758903377
3286	-0.1758927872
3287	-0.1758993864
3288	-0.1759040012
3289	-0.17590566
3290	-0.175914551
3291	-0.1759194478
3292	-0.1759221914
3293	-0.175930418
3294	-0.1759334829
3295	-0.1759584964
3296	-0.1759641801
3297	-0.1759674942
3298	-0.1759781539
3299	-0.1759832933
3300	-0.1759880185
3301	-0.1759931313
3302	-0.1760084153
3303	-0.1760150399
3304	-0.1760204443
3305	-0.176031908
3306	-0.1760366752
3307	-0.176044612
3308	-0.1760464251
3309	-0.1760519113
3310	-0.1760622908
3311	-0.1760700485
3312	-0.17607733
3313	-0.1760816462
3314	-0.1760881624
3315	-0.1760962586
3316	-0.1761069769
3317	-0.176109768
3318	-0.1761164835
3319	-0.1761225666
3320	-0.1761345825
3321	-0.1761414117
3322	-0.1761450906
3323	-0.1761571434
3324	-0.1761635984
3325	-0.1761706022
3326	-0.1761766944
3327	-0.1761947614
3328	-0.1761991761
3329	-0.1762033074
3330	-0.1762109652
3331	-0.1762162275
3332	-0.1762381122
3333	-0.1762796996
3334	-0.1762944671
3335	-0.1763000766
3336	-0.1763072548
3337	-0.1763110109
3338	-0.1763167099
3339	-0.1763219019
3340	-0.1763268434
3341	-0.1763368919
3342	-0.1763383197
3343	-0.1763416114
3344	-0.1763511972
3345	-0.176358203
3346	-0.1763617072
3347	-0.1763644762
3348	-0.1763679321
3349	-0.1763877609
3350	-0.1763909225
3351	-0.176398503
3352	-0.1764034287
3353	-0.1764092706
3354	-0.1764111652
3355	-0.1764174753
3356	-0.1764222907
3357	-0.176425819
3358	-0.1764457377
3359	-0.176456111
3360	-0.1764623346
3361	-0.1764678233
3362	-0.176479981
3363	-0.1764851975
3364	-0.1764882899
3365	-0.1764918059
3366	-0.1765005079
3367	-0.176503948
3368	-0.1765120348
3369	-0.1765161585
3370	-0.176523534
3371	-0.176526755
3372	-0.1765328635
3373	-0.1765376917
3374	-0.1765419178
3375	-0.1765449446
3376	-0.1765556518
3377	-0.176560265
3378	-0.1765758739
3379	-0.1765804959
3380	-0.1765848106
3381	-0.1765883969
3382	-0.1765938966
3383	-0.1766063375
3384	-0.1766099681
3385	-0.1766175586
3386	-0.1766232301
3387	-0.1766286492
3388	-0.1766342735
3389	-0.1766376269
3390	-0.1766422237
3391	-0.1766469995
3392	-0.1766522252
3393	-0.1766720024
3394	-0.1766918164
3395	-0.1766976315
3396	-0.1767059355
3397	-0.1767141154
3398	-0.1767199027
3399	-0.1767241436
3400	-0.1767465
3401	-0.1767513959
3402	-0.1767553287
3403	-0.1767605133
3404	-0.1767645602
3405	-0.1767673595
3406	-0.1767757605
3407	-0.176779973
3408	-0.1768112628
3409	-0.1768166738
3410	-0.1768194622
3411	-0.1768288261
3412	-0.1768354184
3413	-0.1768396493
3414	-0.1768533877
3415	-0.1768601902
3416	-0.1768630154
3417	-0.1768670713
3418	-0.1768699124
3419	-0.1768740032
3420	-0.1768782546
3421	-0.1768834182
3422	-0.1768857688
3423	-0.1768899803
3424	-0.1768931605
3425	-0.1769007911
3426	-0.1769061887
3427	-0.1769080465
3428	-0.1769197787
3429	-0.1769256799
3430	-0.1769279547
3431	-0.1769307501
3432	-0.1769344179
3433	-0.1769421024
3434	-0.1769643818
3435	-0.1769786792
3436	-0.1769943621
3437	-0.1769972026
3438	-0.1770008412
3439	-0.1770055959
3440	-0.1770088558
3441	-0.1770181587
3442	-0.1770197945
3443	-0.1770245094
3444	-0.1770265499
3445	-0.1770405628
3446	-0.1770453481
3447	-0.177051213
3448	-0.1770641392
3449	-0.1770902553
3450	-0.1770936193
3451	-0.1770949523
3452	-0.1771133274
3453	-0.1771223297
3454	-0.1771246852
3455	-0.1771304683
3456	-0.1771392717
3457	-0.1771465366
3458	-0.177153726
3459	-0.1771615854
3460	-0.1771816208
3461	-0.1771849212
3462	-0.1771925856
3463	-0.1771958079
3464	-0.1772009906
3465	-0.1772060901
3466	-0.1772112664
3467	-0.1772161486
3468	-0.1772172836
3469	-0.1772243822
3470	-0.1772290785
3471	-0.1772320437
3472	-0.1772442006
3473	-0.1772520841
3474	-0.1772590182
3475	-0.1772645799
3476	-0.1772670515
3477	-0.1772733554
3478	-0.1772782834
3479	-0.1772823498
3480	-0.1772931958
3481	-0.1772979782
3482	-0.1773069563
3483	-0.1773116711
3484	-0.1773142654
3485	-0.1773169823
3486	-0.177323907
3487	-0.1773283941
3488	-0.1773339488
3489	-0.1773407496
3490	-0.1773456884
3491	-0.177352056
3492	-0.1773582626
3493	-0.1773606067
3494	-0.1773640029
3495	-0.1773698384
3496	-0.1773733458
3497	-0.1773770553
3498	-0.1773806076
3499	-0.1774016791
3500	-0.1774053828
3501	-0.1774111333
3502	-0.1774166542
3503	-0.1774233938
3504	-0.1774272472
3505	-0.1774319313
3506	-0.1774367729
3507	-0.1774422926
3508	-0.1774564579
3509	-0.1774596194
3510	-0.1774672416
3511	-0.1774737693
3512	-0.1774769499
3513	-0.1774837833
3514	-0.1774947812
3515	-0.1775047819
3516	-0.1775083837
3517	-0.1775139796
3518	-0.1775181366
3519	-0.1775244715
3520	-0.1775318256
3521	-0.1775330987
3522	-0.1775363857
3523	-0.1775434828
3524	-0.1775481376
3525	-0.1775521614
3526	-0.1775671053
3527	-0.1775713118
3528	-0.1775858716
3529	-0.1775917702
3530	-0.1775990144
3531	-0.1776034026
3532	-0.1776085433
3533	-0.1776112069
3534	-0.1776200756
3535	-0.177625504
3536	-0.1776303234
3537	-0.1776346989
3538	-0.1776388731
3539	-0.1776421745
3540	-0.1776497469
3541	-0.1776525075
3542	-0.1776637034
3543	-0.1776659405
3544	-0.1776745353
3545	-0.1776823624
3546	-0.1776859233
3547	-0.1776899263
3548	-0.1776950414
3549	-0.177698705
3550	-0.177707077
3551	-0.1777116086
3552	-0.1777448272
3553	-0.1777516786
3554	-0.1777535314
3555	-0.177760736
3556	-0.1777655538
3557	-0.177772607
3558	-0.1777768211
3559	-0.1777868285
3560	-0.1777900566
3561	-0.1777923668
3562	-0.1777958581
3563	-0.1777985143
3564	-0.1778041952
3565	-0.1778081247
3566	-0.177818264
3567	-0.1778206398
3568	-0.1778243579
3569	-0.1778279477
3570	-0.1778338119
3571	-0.1778407747
3572	-0.1778441597
3573	-0.1778586737
3574	-0.1778630042
3575	-0.1778675925
3576	-0.1778705006
3577	-0.1778728902
3578	-0.177879495
3579	-0.1778815147
3580	-0.1778945457
3581	-0.1779038429
3582	-0.1779076844
3583	-0.1779249894
3584	-0.1779288812
3585	-0.1779402307
3586	-0.1779458595
3587	-0.1779620204
3588	-0.1779734205
3589	-0.1779821157
3590	-0.1779876402
3591	-0.1779959031
3592	-0.1780238775
3593	-0.1780332212
3594	-0.1780361499
3595	-0.1780469521
3596	-0.1780540952
3597	-0.1780578382
3598	-0.1780650198
3599	-0.178072155
3600	-0.1780753028
3601	-0.1780793407
3602	-0.1780853968
3603	-0.1780978213
3604	-0.1781038156
3605	-0.1781068886
3606	-0.1781112179
3607	-0.1781161701
3608	-0.1781269857
3609	-0.1781343891
3610	-0.178139554
3611	-0.1781422475
3612	-0.178146305
3613	-0.1781507025
3614	-0.1781526738
3615	-0.1781556827
3616	-0.1781606034
3617	-0.1781644853
3618	-0.1781669527
3619	-0.1781706747
3620	-0.1781784399
3621	-0.1781802499
3622	-0.1781859821
3623	-0.1781906171
3624	-0.1781945158
3625	-0.1782037204
3626	-0.1782070671
3627	-0.1782103273
3628	-0.1782137147
3629	-0.1782221412
3630	-0.17822521
3631	-0.1782283588
3632	-0.1782382674
3633	-0.1782580053
3634	-0.1782658348
3635	-0.1782858735
3636	-0.1782898322
3637	-0.178293239
3638	-0.1783035319
3639	-0.1783093704
3640	-0.1783177198
3641	-0.1783266281
3642	-0.1783328109
3643	-0.1783355417
3644	-0.1783419786
3645	-0.1783449177
3646	-0.1783654644
3647	-0.1783786093
3648	-0.1783842002
3649	-0.1783889817
3650	-0.1783914952
3651	-0.1784089226
3652	-0.1784134182
3653	-0.1784191346
3654	-0.1784234696
3655	-0.1784275574
3656	-0.1784337392
3657	-0.178440987
3658	-0.1784543278
3659	-0.1784566191
3660	-0.1784580309
3661	-0.1784627518
3662	-0.1784656291
3663	-0.1784725801
3664	-0.1784760181
3665	-0.1784830569
3666	-0.1784860635
3667	-0.1784926443
3668	-0.1784953323
3669	-0.1784977469
3670	-0.1785042312
3671	-0.1785076256
3672	-0.1785209011
3673	-0.1785329762
3674	-0.1785374264
3675	-0.1785395678
3676	-0.1785447104
3677	-0.1785499738
3678	-0.1785559669
3679	-0.1785609234
3680	-0.1785702309
3681	-0.1785786928
3682	-0.1785817189
3683	-0.1785851252
3684	-0.1785918171
3685	-0.178595798
3686	-0.1786047629
3687	-0.1786076374
3688	-0.1786149582
3689	-0.1786186817
3690	-0.1786240903
3691	-0.1786270105
3692	-0.1786313715
3693	-0.178640995
3694	-0.1786466089
3695	-0.1786505953
3696	-0.1786566842
3697	-0.1786622799
3698	-0.1786669046
3699	-0.1786738026
3700	-0.1787159454
3701	-0.1787193415
3702	-0.1787224118
3703	-0.1787306558
3704	-0.1787358933
3705	-0.1787392884
3706	-0.1787454544
3707	-0.1787536548
3708	-0.1787634972
3709	-0.1787670198
3710	-0.1787695126
3711	-0.1787729369
3712	-0.1787917419
3713	-0.1787980518
3714	-0.1788034907
3715	-0.1788093807
3716	-0.1788114034
3717	-0.1788175879
3718	-0.1788202656
3719	-0.1788257447
3720	-0.1788302552
3721	-0.1788369167
3722	-0.1788452147
3723	-0.178854452
3724	-0.1788570951
3725	-0.1788636033
3726	-0.1788671214
3727	-0.1788726982
3728	-0.1788754127
3729	-0.1788832587
3730	-0.1788907838
3731	-0.1788950685
3732	-0.1788967265
3733	-0.1788988342
3734	-0.1789019549
3735	-0.1789040309
3736	-0.1789061679
3737	-0.1789101726
3738	-0.1789135882
3739	-0.17891928
3740	-0.1789253969
3741	-0.1789310283
3742	-0.1789384334
3743	-0.1789408
3744	-0.1789451144
3745	-0.1789480807
3746	-0.1789587633
3747	-0.1789624461
3748	-0.1789678411
3749	-0.1789751611
3750	-0.17897882
3751	-0.1789855072
3752	-0.1789902243
3753	-0.1789980866
3754	-0.179000949
3755	-0.1790087491
3756	-0.1790142625
3757	-0.1790196925
3758	-0.179040078
3759	-0.1790465203
3760	-0.1791036026
3761	-0.179107176
3762	-0.1791137964
3763	-0.1791152277
3764	-0.1791209222
3765	-0.1791247418
3766	-0.1791311967
3767	-0.1791646414
3768	-0.1791778833
3769	-0.179185273
3770	-0.17918906
3771	-0.1791952186
3772	-0.1791995911
3773	-0.1792039069
3774	-0.1792101597
3775	-0.1792161672
3776	-0.1792218149
3777	-0.1792244287
3778	-0.1792274842
3779	-0.1792316873
3780	-0.179233576
3781	-0.179242327
3782	-0.1792452127
3783	-0.179248895
3784	-0.179252459
3785	-0.1792584761
3786	-0.1792627794
3787	-0.1792665529
3788	-0.1792714525
3789	-0.1792808188
3790	-0.1792869098
3791	-0.1792917577
3792	-0.1793175679
3793	-0.1793285677
3794	-0.1793312924
3795	-0.1793377181
3796	-0.1793453222
3797	-0.1793553214
3798	-0.1793576535
3799	-0.1793609317
3800	-0.179371551
3801	-0.1793756076
3802	-0.1793812059
3803	-0.1793883427
3804	-0.1793927956
3805	-0.1794052728
3806	-0.1794078644
3807	-0.1794137445
3808	-0.1794291421
3809	-0.1794320346
3810	-0.1794532356
3811	-0.1794592706
3812	-0.1794621682
3813	-0.1794652178
3814	-0.1794691998
3815	-0.1794741799
3816	-0.1794778629
3817	-0.1794804825
3818	-0.1794831471
3819	-0.1794883848
3820	-0.1794925983
3821	-0.1794970644
3822	-0.1795008835
3823	-0.1795089305
3824	-0.1795192104
3825	-0.1795236172
3826	-0.179525919
3827	-0.1795305147
3828	-0.1795396285
3829	-0.1795419373
3830	-0.1795459948
3831	-0.1795495631
3832	-0.1795524921
3833	-0.1795609717
3834	-0.1795660331
3835	-0.1795682684
3836	-0.1795773704
3837	-0.1795891059
3838	-0.1795922473
3839	-0.1795963904
3840	-0.1796012743
3841	-0.1796204266
3842	-0.179628128
3843	-0.1796375166
3844	-0.1796396876
3845	-0.1796410562
3846	-0.1796471634
3847	-0.1796492265
3848	-0.1796579793
3849	-0.179660243
3850	-0.179670012
3851	-0.1796729652
3852	-0.1796774092
3853	-0.1796857334
3854	-0.1796892088
3855	-0.1796922338
3856	-0.1796980909
3857	-0.1797004249
3858	-0.1797037643
3859	-0.1797107343
3860	-0.1797157688
3861	-0.179724153
3862	-0.1797294575
3863	-0.179737734
3864	-0.1797422779
3865	-0.1797435563
3866	-0.1797463185
3867	-0.1797514769
3868	-0.1797624601
3869	-0.1797687848
3870	-0.1797725638
3871	-0.1797791282
3872	-0.1797869156
3873	-0.1797918151
3874	-0.1797999222
3875	-0.1798029715
3876	-0.1798092875
3877	-0.1798131221
3878	-0.1798161161
3879	-0.1798213511
3880	-0.1798245148
3881	-0.1798286935
3882	-0.1798321718
3883	-0.1798350825
3884	-0.1798425349
3885	-0.1798488803
3886	-0.1798573273
3887	-0.1798643781
3888	-0.1798719933
3889	-0.1798783465
3890	-0.1799130357
3891	-0.1799168848
3892	-0.179922075
3893	-0.1799259846
3894	-0.179927712
3895	-0.1799346561
3896	-0.1799371033
3897	-0.1799443316
3898	-0.1799469765
3899	-0.1799544606
3900	-0.1799583085
3901	-0.1799660947
3902	-0.1799695461
3903	-0.1799774022
3904	-0.1799805222
3905	-0.1799846527
3906	-0.1799873712
3907	-0.1799939738
3908	-0.1799968415
3909	-0.1800015105
3910	-0.1800054203
3911	-0.1800099136
3912	-0.1800137316
3913	-0.1800182515
3914	-0.180021786
3915	-0.1800263345
3916	-0.1800278992
3917	-0.1800306702
3918	-0.1800351511
3919	-0.1800385569
3920	-0.1800440882
3921	-0.180047783
3922	-0.1800575441
3923	-0.1800600764
3924	-0.1800637482
3925	-0.1800686233
3926	-0.1800729669
3927	-0.1800784319
3928	-0.1800822658
3929	-0.1800878632
3930	-0.180091416
3931	-0.1800961638
3932	-0.180101435
3933	-0.1801159349
3934	-0.1801192601
3935	-0.1801252513
3936	-0.1801279504
3937	-0.1801334389
3938	-0.1801370238
3939	-0.1801408422
3940	-0.1801435641
3941	-0.1801460664
3942	-0.1801511099
3943	-0.1801568055
3944	-0.1801599349
3945	-0.1801614601
3946	-0.1801660671
3947	-0.1801697389
3948	-0.1801744826
3949	-0.1801816207
3950	-0.1801897202
3951	-0.1801949264
3952	-0.1801968576
3953	-0.1802003224
3954	-0.1802047891
3955	-0.1802090728
3956	-0.1802139457
3957	-0.1802186121
3958	-0.1802267375
3959	-0.1802308041
3960	-0.1802327381
3961	-0.1802407713
3962	-0.180245744
3963	-0.1802520977
3964	-0.180255026
3965	-0.1802619637
3966	-0.1802638229
3967	-0.1802685981
3968	-0.1802753952
3969	-0.1802786193
3970	-0.1802819193
3971	-0.1802843519
3972	-0.1802899852
3973	-0.1802918008
3974	-0.1802943661
3975	-0.1802972448
3976	-0.1803105215
3977	-0.1803202211
3978	-0.1803241577
3979	-0.1803297508
3980	-0.1803350793
3981	-0.1803371025
3982	-0.1803407911
3983	-0.1803450082
3984	-0.1803467563
3985	-0.1803552431
3986	-0.1803618848
3987	-0.1803750208
3988	-0.1803815224
3989	-0.1803864825
3990	-0.1803905858
3991	-0.1803958272
3992	-0.1804072301
3993	-0.1804121153
3994	-0.1804156803
3995	-0.1804254895
3996	-0.1804283091
3997	-0.1804363742
3998	-0.1804413506
3999	-0.1804448736
4000	-0.1804481647
4001	-0.1804504463
4002	-0.1804505366
4003	-0.1804581847
4004	-0.1804637805
4005	-0.1804784678
4006	-0.1804840327
4007	-0.1804910433
4008	-0.1804979401
4009	-0.1805003641
4010	-0.1805035785
4011	-0.1805076706
4012	-0.1805108129
4013	-0.180519313
4014	-0.180524577
4015	-0.1805289357
4016	-0.1805412403
4017	-0.1805464656
4018	-0.1805532889
4019	-0.1805563981
4020	-0.1805591455
4021	-0.1805651554
4022	-0.1805700516
4023	-0.180573783
4024	-0.1805788549
4025	-0.1805805552
4026	-0.1805861373
4027	-0.180592597
4028	-0.1806011402
4029	-0.1806215488
4030	-0.1806250538
4031	-0.1806302273
4032	-0.1806321797
4033	-0.1806403506
4034	-0.1806448336
4035	-0.180652055
4036	-0.1806538001
4037	-0.1806652733
4038	-0.1806705645
4039	-0.1806762947
4040	-0.1806793383
4041	-0.1806859284
4042	-0.1806904654
4043	-0.1806931725
4044	-0.1806959932
4045	-0.180702752
4046	-0.1807065363
4047	-0.1807125081
4048	-0.180716729
4049	-0.1807292799
4050	-0.1807359905
4051	-0.1807404587
4052	-0.1807453778
4053	-0.1807521286
4054	-0.1807602154
4055	-0.1807663057
4056	-0.1807725833
4057	-0.1807771443
4058	-0.1807812395
4059	-0.1807895955
4060	-0.1807927842
4061	-0.1808046355
4062	-0.1808098424
4063	-0.1808219701
4064	-0.1808277645
4065	-0.1808370774
4066	-0.1808419739
4067	-0.1808551993
4068	-0.180858152
4069	-0.1808615739
4070	-0.1808653296
4071	-0.1808717293
4072	-0.180877512
4073	-0.1808819896
4074	-0.1808862329
4075	-0.1808911015
4076	-0.1808949534
4077	-0.1808986243
4078	-0.1809036245
4079	-0.1809059628
4080	-0.180912651
4081	-0.1809139267
4082	-0.180919231
4083	-0.180923915
4084	-0.1809278876
4085	-0.1809329075
4086	-0.1809374788
4087	-0.1809577245
4088	-0.1809638169
4089	-0.1809681584
4090	-0.1809699189
4091	-0.180974246
4092	-0.1809777932
4093	-0.1809798731
4094	-0.180985124
4095	-0.1809923482
4096	-0.180997031
4097	-0.1810022772
4098	-0.1810061826
4099	-0.1810151803
4100	-0.1810191889
4101	-0.1810229195
4102	-0.1810304003
4103	-0.1810365497
4104	-0.1810403807
4105	-0.1810464163
4106	-0.1810541769
4107	-0.1810593166
4108	-0.1810625343
4109	-0.1810646436
4110	-0.181068456
4111	-0.1810786029
4112	-0.1810828909
4113	-0.1810884205
4114	-0.1810907773
4115	-0.1810944099
4116	-0.1810985006
4117	-0.1811048798
4118	-0.1811088309
4119	-0.1811164317
4120	-0.1811239726
4121	-0.1811281722
4122	-0.1811398085
4123	-0.1811427339
4124	-0.1811470181
4125	-0.181149761
4126	-0.1811577547
4127	-0.1811641685
4128	-0.1811675562
4129	-0.1811718433
4130	-0.1811808088
4131	-0.1811850455
4132	-0.1811936816
4133	-0.181204588
4134	-0.1812086071
4135	-0.181210883
4136	-0.1812137517
4137	-0.1812168052
4138	-0.1812216747
4139	-0.1812320165
4140	-0.1812366065
4141	-0.1812460248
4142	-0.1812477806
4143	-0.1812521218
4144	-0.1812557589
4145	-0.1812700245
4146	-0.1812735816
4147	-0.1812818266
4148	-0.1812866523
4149	-0.1812880421
4150	-0.1812956564
4151	-0.1812969854
4152	-0.1813205899
4153	-0.1813227322
4154	-0.1813264131
4155	-0.1813301151
4156	-0.1813344989
4157	-0.1813374317
4158	-0.1813447318
4159	-0.1813480702
4160	-0.1813523284
4161	-0.1813550125
4162	-0.1813566777
4163	-0.1813620042
4164	-0.1813653493
4165	-0.1813678674
4166	-0.1813740571
4167	-0.1813779583
4168	-0.1814209971
4169	-0.181426401
4170	-0.1814288162
4171	-0.1814359729
4172	-0.1814439146
4173	-0.1814478696
4174	-0.1814574712
4175	-0.1814604058
4176	-0.1814662601
4177	-0.1814889368
4178	-0.1814911114
4179	-0.1815009943
4180	-0.1815084235
4181	-0.181514526
4182	-0.1815187344
4183	-0.1815237261
4184	-0.1815273269
4185	-0.1815340409
4186	-0.1815375055
4187	-0.1815424162
4188	-0.181546836
4189	-0.1815505278
4190	-0.1815569357
4191	-0.1815637424
4192	-0.181566719
4193	-0.1815731754
4194	-0.1815810377
4195	-0.1815894689
4196	-0.1815931812
4197	-0.1816014374
4198	-0.1816063818
4199	-0.1816105094
4200	-0.1816147492
4201	-0.1816163999
4202	-0.181620075
4203	-0.1816228646
4204	-0.1816274543
4205	-0.1816360361
4206	-0.1816413325
4207	-0.1816450174
4208	-0.1816504852
4209	-0.1816537072
4210	-0.1816610989
4211	-0.1816641843
4212	-0.181675792
4213	-0.1816804412
4214	-0.1816847414
4215	-0.1816880527
4216	-0.1816983597
4217	-0.1817055138
4218	-0.1817100973
4219	-0.1817326949
4220	-0.1817412801
4221	-0.1817443612
4222	-0.1817515596
4223	-0.1817553471
4224	-0.1817613192
4225	-0.1817657431
4226	-0.1817746289
4227	-0.1817779615
4228	-0.1817822785
4229	-0.1817893603
4230	-0.1817921241
4231	-0.1817968689
4232	-0.1818000869
4233	-0.1818048025
4234	-0.1818081216
4235	-0.1818153333
4236	-0.1818193484
4237	-0.1818251321
4238	-0.181829502
4239	-0.1818324164
4240	-0.1818358403
4241	-0.1818391772
4242	-0.1818427008
4243	-0.1818483388
4244	-0.1818513727
4245	-0.1818540636
4246	-0.1818615548
4247	-0.1818653702
4248	-0.1818679633
4249	-0.1818762546
4250	-0.1818785605
4251	-0.1818806745
4252	-0.1818855467
4253	-0.1818892091
4254	-0.1818947446
4255	-0.1818975704
4256	-0.181914985
4257	-0.1819188554
4258	-0.1819244826
4259	-0.1819270958
4260	-0.1819309667
4261	-0.181933734
4262	-0.1819360812
4263	-0.1819488486
4264	-0.181953678
4265	-0.1819555618
4266	-0.1819646038
4267	-0.1819720006
4268	-0.181973829
4269	-0.1819768889
4270	-0.1819860758
4271	-0.1819922016
4272	-0.1819953471
4273	-0.1820013541
4274	-0.1820063728
4275	-0.1820103767
4276	-0.1820124621
4277	-0.1820148898
4278	-0.1820183401
4279	-0.1820248654
4280	-0.182026324
4281	-0.1820304103
4282	-0.182032985
4283	-0.1820374273
4284	-0.1820410521
4285	-0.1820458242
4286	-0.1820490287
4287	-0.1820530532
4288	-0.1820549878
4289	-0.1820592667
4290	-0.1820626891
4291	-0.182065213
4292	-0.1820696801
4293	-0.1820730551
4294	-0.1820790284
4295	-0.1820839264
4296	-0.1820862476
4297	-0.1820881595
4298	-0.1820924072
4299	-0.1821027691
4300	-0.1821162457
4301	-0.1821252041
4302	-0.1821317887
4303	-0.1821356122
4304	-0.1821419599
4305	-0.1821450133
4306	-0.1821506126
4307	-0.1821548818
4308	-0.1821593013
4309	-0.1821636852
4310	-0.1821691728
4311	-0.1821750904
4312	-0.1821869524
4313	-0.1822121317
4314	-0.1822172096
4315	-0.1822209409
4316	-0.1822255456
4317	-0.1822280723
4318	-0.1822314483
4319	-0.182233639
4320	-0.1822452057
4321	-0.1822483202
4322	-0.1822513154
4323	-0.182256898
4324	-0.1822692899
4325	-0.1822769161
4326	-0.1822819693
4327	-0.1822860459
4328	-0.1822891146
4329	-0.1822959691
4330	-0.1823026022
4331	-0.182312066
4332	-0.1823234709
4333	-0.1823267066
4334	-0.1823293473
4335	-0.1823396516
4336	-0.1823435161
4337	-0.1823454326
4338	-0.1823504001
4339	-0.1823530074
4340	-0.1823598874
4341	-0.1823631022
4342	-0.1823714683
4343	-0.182376971
4344	-0.1823808076
4345	-0.1823838911
4346	-0.1823866321
4347	-0.1823923224
4348	-0.1823973241
4349	-0.1824008421
4350	-0.182411234
4351	-0.1824174246
4352	-0.182419429
4353	-0.182423432
4354	-0.1824266707
4355	-0.1824283264
4356	-0.1824332717
4357	-0.1824370314
4358	-0.1824396635
4359	-0.1824435387
4360	-0.1824489708
4361	-0.1824532645
4362	-0.1824564885
4363	-0.1824627836
4364	-0.1824675153
4365	-0.1824711928
4366	-0.1824742893
4367	-0.1824812951
4368	-0.18248567
4369	-0.1824920322
4370	-0.1824946931
4371	-0.1824981742
4372	-0.1825020266
4373	-0.18250463
4374	-0.1825073744
4375	-0.182535429
4376	-0.1825398951
4377	-0.182543702
4378	-0.1825495986
4379	-0.1825559517
4380	-0.1825627292
4381	-0.1825694568
4382	-0.1825741492
4383	-0.1825777462
4384	-0.1825805124
4385	-0.1825881257
4386	-0.1825924014
4387	-0.1826006037
4388	-0.1826028912
4389	-0.1826139095
4390	-0.1826158176
4391	-0.1826192041
4392	-0.1826247603
4393	-0.1826276415
4394	-0.1826312823
4395	-0.1826337557
4396	-0.182637361
4397	-0.1826396742
4398	-0.1826446257
4399	-0.182649259
4400	-0.1826535516
4401	-0.1826602641
4402	-0.18266452
4403	-0.1826687143
4404	-0.182670587
4405	-0.1826845411
4406	-0.1826920225
4407	-0.1826947075
4408	-0.1827003957
4409	-0.1827085084
4410	-0.182717381
4411	-0.1827213797
4412	-0.1827254656
4413	-0.1827319879
4414	-0.1827339095
4415	-0.1827397233
4416	-0.1827507017
4417	-0.182753894
4418	-0.1827590483
4419	-0.1827645631
4420	-0.1827676099
4421	-0.1827706907
4422	-0.1827822815
4423	-0.1827854747
4424	-0.1827904342
4425	-0.1827979945
4426	-0.1828011387
4427	-0.1828044518
4428	-0.1828082357
4429	-0.182818283
4430	-0.1828224937
4431	-0.1828256085
4432	-0.1828310959
4433	-0.1828410896
4434	-0.1828459892
4435	-0.1828501873
4436	-0.1828588673
4437	-0.1828610911
4438	-0.1828641211
4439	-0.1828670348
4440	-0.1828737912
4441	-0.1828811963
4442	-0.1828867355
4443	-0.18289005
4444	-0.1828942304
4445	-0.1829086828
4446	-0.1829145768
4447	-0.1829183577
4448	-0.1829257537
4449	-0.1829288059
4450	-0.1829333986
4451	-0.1829365698
4452	-0.1829399561
4453	-0.182940996
4454	-0.1829477655
4455	-0.1829521919
4456	-0.1829571081
4457	-0.1829621927
4458	-0.1829644948
4459	-0.1829675362
4460	-0.1829716922
4461	-0.1829750556
4462	-0.1829786561
4463	-0.1829817646
4464	-0.1829860189
4465	-0.1829884207
4466	-0.1829951931
4467	-0.1830010752
4468	-0.1830059306
4469	-0.1830253571
4470	-0.1830303655
4471	-0.1830346057
4472	-0.1830392923
4473	-0.1830457046
4474	-0.1830524238
4475	-0.1830537836
4476	-0.1830552765
4477	-0.1830591323
4478	-0.1830642205
4479	-0.1830690103
4480	-0.1830756254
4481	-0.1830782578
4482	-0.1830940557
4483	-0.1831097845
4484	-0.183112955
4485	-0.1831181876
4486	-0.1831239158
4487	-0.1831387517
4488	-0.1831411355
4489	-0.1831488139
4490	-0.18315039
4491	-0.183154171
4492	-0.1831602651
4493	-0.1831687951
4494	-0.1831739717
4495	-0.1831800438
4496	-0.183182201
4497	-0.1831856591
4498	-0.183189295
4499	-0.1831940703
4500	-0.1831972523
4501	-0.1832020399
4502	-0.1832053912
4503	-0.1832113577
4504	-0.1832129283
4505	-0.1832161641
4506	-0.1832267862
4507	-0.1832303184
4508	-0.1832364182
4509	-0.1832422755
4510	-0.183246744
4511	-0.1832571079
4512	-0.1832625921
4513	-0.1832701385
4514	-0.1832743589
4515	-0.1832751777
4516	-0.1832788522
4517	-0.1832840226
4518	-0.1832904841
4519	-0.1832955147
4520	-0.1832999769
4521	-0.1833055892
4522	-0.1833088678
4523	-0.1833130884
4524	-0.1833154935
4525	-0.1833176862
4526	-0.183321313
4527	-0.1833248115
4528	-0.1833302443
4529	-0.1833327789
4530	-0.1833402377
4531	-0.1833412904
4532	-0.1833477659
4533	-0.1833530556
4534	-0.18335811
4535	-0.183365529
4536	-0.1833675707
4537	-0.1833699252
4538	-0.1833710623
4539	-0.1833742899
4540	-0.1833767733
4541	-0.1833808795
4542	-0.1833826368
4543	-0.1833857326
4544	-0.1833896893
4545	-0.1833929456
4546	-0.183397838
4547	-0.183401138
4548	-0.183407534
4549	-0.1834131803
4550	-0.1834188541
4551	-0.1834211688
4552	-0.1834247028
4553	-0.1834301597
4554	-0.1834378881
4555	-0.1834474215
4556	-0.1834498893
4557	-0.183455244
4558	-0.1834571577
4559	-0.1834612301
4560	-0.18346478
4561	-0.18346773
4562	-0.1834723629
4563	-0.1834802755
4564	-0.1834859239
4565	-0.1834882971
4566	-0.1834922206
4567	-0.1834951332
4568	-0.1834988146
4569	-0.1834993169
4570	-0.1835105211
4571	-0.1835173018
4572	-0.1835199244
4573	-0.1835221884
4574	-0.1835246633
4575	-0.1835278144
4576	-0.1835303775
4577	-0.1835319231
4578	-0.1835404016
4579	-0.1835439303
4580	-0.1835468785
4581	-0.1835523227
4582	-0.1835576158
4583	-0.1835627136
4584	-0.1835704736
4585	-0.1835743188
4586	-0.1835791636
4587	-0.1835837626
4588	-0.183587116
4589	-0.1835912375
4590	-0.183596928
4591	-0.1836084568
4592	-0.1836113117
4593	-0.1836133697
4594	-0.1836161821
4595	-0.1836222774
4596	-0.1836254519
4597	-0.183629086
4598	-0.1836324472
4599	-0.1836343588
4600	-0.1836404647
4601	-0.1836461293
4602	-0.1836508731
4603	-0.1836542485
4604	-0.1836578274
4605	-0.1836609823
4606	-0.1836637364
4607	-0.1836723908
4608	-0.1836792259
4609	-0.1836821452
4610	-0.1836884836
4611	-0.1836897602
4612	-0.1837170357
4613	-0.1837196028
4614	-0.183724661
4615	-0.1837271005
4616	-0.1837291547
4617	-0.1837311834
4618	-0.1837334398
4619	-0.1837356784
4620	-0.1837391252
4621	-0.1837449446
4622	-0.1837485307
4623	-0.1837520661
4624	-0.1837588838
4625	-0.1837626226
4626	-0.1837652651
4627	-0.1837677289
4628	-0.1837692411
4629	-0.183774066
4630	-0.1837804554
4631	-0.1837851511
4632	-0.1837910994
4633	-0.1837950157
4634	-0.1837973558
4635	-0.1838022749
4636	-0.1838040079
4637	-0.1838100574
4638	-0.1838190636
4639	-0.1838256209
4640	-0.1838289783
4641	-0.1838363149
4642	-0.1838402275
4643	-0.1838456658
4644	-0.1838498269
4645	-0.1838535317
4646	-0.1838563617
4647	-0.1838587179
4648	-0.1838621847
4649	-0.1838679093
4650	-0.183870522
4651	-0.1838733228
4652	-0.1838761819
4653	-0.1838803465
4654	-0.1838862491
4655	-0.183888943
4656	-0.1838935329
4657	-0.183896124
4658	-0.183898233
4659	-0.1839023822
4660	-0.1839098066
4661	-0.1839158297
4662	-0.1839288263
4663	-0.1839333668
4664	-0.1839388876
4665	-0.1839407472
4666	-0.1839455517
4667	-0.1839524356
4668	-0.183956607
4669	-0.1839589353
4670	-0.1839612947
4671	-0.1839666721
4672	-0.1839688132
4673	-0.1839736098
4674	-0.1839768382
4675	-0.1839810073
4676	-0.1839856107
4677	-0.1839899632
4678	-0.1839929866
4679	-0.1840013064
4680	-0.1840051671
4681	-0.1840107697
4682	-0.1840119221
4683	-0.1840206594
4684	-0.1840268257
4685	-0.1840528244
4686	-0.1840573917
4687	-0.1840628609
4688	-0.1840658022
4689	-0.1840825658
4690	-0.1841013037
4691	-0.1841094815
4692	-0.1841176095
4693	-0.1841213125
4694	-0.184132098
4695	-0.1841348727
4696	-0.1841403525
4697	-0.1841447539
4698	-0.1841470831
4699	-0.1841495881
4700	-0.1841532767
4701	-0.1841584434
4702	-0.1841619165
4703	-0.1841694289
4704	-0.1841728662
4705	-0.1841765117
4706	-0.1841803342
4707	-0.1841822015
4708	-0.1841855041
4709	-0.1841873865
4710	-0.1841921142
4711	-0.1841942794
4712	-0.1841988339
4713	-0.1842041195
4714	-0.1842057675
4715	-0.1842092996
4716	-0.1842129572
4717	-0.1842188459
4718	-0.1842217739
4719	-0.184224032
4720	-0.1842321785
4721	-0.1842370682
4722	-0.1842441739
4723	-0.1842483191
4724	-0.1842546593
4725	-0.1842574405
4726	-0.1842610013
4727	-0.1842652091
4728	-0.1842680316
4729	-0.1842697372
4730	-0.1842728827
4731	-0.1842753423
4732	-0.1842802678
4733	-0.184286728
4734	-0.1842901604
4735	-0.1842969724
4736	-0.1842989645
4737	-0.1843020526
4738	-0.184304992
4739	-0.1843134032
4740	-0.1843163889
4741	-0.1843254209
4742	-0.1843310647
4743	-0.1843341688
4744	-0.1843352302
4745	-0.1843376607
4746	-0.1843430191
4747	-0.1843449497
4748	-0.1843481223
4749	-0.1843506019
4750	-0.1843568814
4751	-0.1843650397
4752	-0.1843691508
4753	-0.1843742559
4754	-0.1843784396
4755	-0.1843813344
4756	-0.1843853048
4757	-0.1843878969
4758	-0.1843911159
4759	-0.1843953221
4760	-0.1843986914
4761	-0.1844012758
4762	-0.1844045576
4763	-0.1844072793
4764	-0.1844107288
4765	-0.1844166207
4766	-0.1844238655
4767	-0.1844275318
4768	-0.1844316
4769	-0.1844387269
4770	-0.1844437484
4771	-0.1844536955
4772	-0.1844565387
4773	-0.1844582008
4774	-0.1844596089
4775	-0.1844645454
4776	-0.1844668367
4777	-0.1844721343
4778	-0.1844757873
4779	-0.1844813951
4780	-0.1844844634
4781	-0.1844871398
4782	-0.1844909161
4783	-0.1844935899
4784	-0.1844996498
4785	-0.1845026093
4786	-0.1845123554
4787	-0.184515105
4788	-0.1845242561
4789	-0.1845277538
4790	-0.184532721
4791	-0.1845384219
4792	-0.1845590235
4793	-0.1845628758
4794	-0.1845681609
4795	-0.1845741747
4796	-0.18457875
4797	-0.1845829858
4798	-0.1845892694
4799	-0.1845952014
4800	-0.1846002923
4801	-0.1846024591
4802	-0.1846060175
4803	-0.1846104746
4804	-0.1846122433
4805	-0.1846186383
4806	-0.1846245487
4807	-0.1846259294
4808	-0.1846294453
4809	-0.1846333323
4810	-0.1846394921
4811	-0.1846436487
4812	-0.1846502217
4813	-0.1846523332
4814	-0.1846559843
4815	-0.1846608286
4816	-0.1846655853
4817	-0.184668536
4818	-0.1846720281
4819	-0.1846771034
4820	-0.1846804489
4821	-0.1846861518
4822	-0.1846896855
4823	-0.1846958762
4824	-0.1847081401
4825	-0.1847103395
4826	-0.1847157445
4827	-0.1847193923
4828	-0.1847206193
4829	-0.1847230668
4830	-0.184730358
4831	-0.1847355029
4832	-0.1847395456
4833	-0.1847410183
4834	-0.1847475389
4835	-0.184750715
4836	-0.1847541712
4837	-0.1847564666
4838	-0.184763197
4839	-0.1847647798
4840	-0.184767672
4841	-0.1847704299
4842	-0.1847736846
4843	-0.1847918481
4844	-0.1847971167
4845	-0.1847996673
4846	-0.1848031466
4847	-0.1848091982
4848	-0.1848135464
4849	-0.1848167459
4850	-0.1848219746
4851	-0.1848302222
4852	-0.1848342746
4853	-0.1848376796
4854	-0.1848437834
4855	-0.1848464318
4856	-0.1848512471
4857	-0.184855798
4858	-0.18486115
4859	-0.1848647422
4860	-0.1848682392
4861	-0.1848703493
4862	-0.1848766205
4863	-0.1848800078
4864	-0.1848829195
4865	-0.1848882888
4866	-0.1848912211
4867	-0.1848936411
4868	-0.1848954971
4869	-0.1848970179
4870	-0.1848995505
4871	-0.184906389
4872	-0.1849090004
4873	-0.1849109487
4874	-0.1849126155
4875	-0.1849158507
4876	-0.1849200231
4877	-0.1849227571
4878	-0.1849273457
4879	-0.1849315199
4880	-0.1849344926
4881	-0.1849503104
4882	-0.1849590348
4883	-0.1849651103
4884	-0.1849681433
4885	-0.1849715788
4886	-0.1849765024
4887	-0.1849805902
4888	-0.1849835888
4889	-0.1849881245
4890	-0.1849907041
4891	-0.1849931002
4892	-0.1849951503
4893	-0.1850032484
4894	-0.1850109342
4895	-0.1850155182
4896	-0.1850187322
4897	-0.1850245009
4898	-0.1850273497
4899	-0.1850304195
4900	-0.1850391665
4901	-0.185042055
4902	-0.1850530304
4903	-0.1850549261
4904	-0.1850590996
4905	-0.185062447
4906	-0.1850668723
4907	-0.1850711561
4908	-0.1850745721
4909	-0.1850804429
4910	-0.185083138
4911	-0.1850893693
4912	-0.1850960532
4913	-0.1850991986
4914	-0.1851024166
4915	-0.1851067024
4916	-0.1851100624
4917	-0.1851132207
4918	-0.1851221788
4919	-0.1851256736
4920	-0.185128425
4921	-0.1851345621
4922	-0.1851415659
4923	-0.1851498411
4924	-0.1851531133
4925	-0.1851571717
4926	-0.1851606883
4927	-0.1851651173
4928	-0.1851811165
4929	-0.1851843788
4930	-0.1851870398
4931	-0.1851919845
4932	-0.1851938777
4933	-0.1851967571
4934	-0.185200077
4935	-0.1852016137
4936	-0.1852057394
4937	-0.1852185573
4938	-0.1852239402
4939	-0.1852288559
4940	-0.1852343018
4941	-0.1852382034
4942	-0.1852425906
4943	-0.1852489877
4944	-0.185250116
4945	-0.1852572322
4946	-0.1852599611
4947	-0.1852671517
4948	-0.1852719467
4949	-0.1852742182
4950	-0.1852783911
4951	-0.1852814978
4952	-0.1852875752
4953	-0.1852963141
4954	-0.1853010934
4955	-0.1853060648
4956	-0.1853087495
4957	-0.1853105418
4958	-0.1853142911
4959	-0.1853165859
4960	-0.185319647
4961	-0.1853250709
4962	-0.1853282597
4963	-0.185330458
4964	-0.1853321559
4965	-0.1853429431
4966	-0.1853459119
4967	-0.1853505497
4968	-0.1853573039
4969	-0.1853624653
4970	-0.1853644606
4971	-0.1853692342
4972	-0.1853741771
4973	-0.1853785
4974	-0.1853814504
4975	-0.1853872315
4976	-0.1853892685
4977	-0.1853924723
4978	-0.1853975672
4979	-0.1854015182
4980	-0.1854052806
4981	-0.185410892
4982	-0.1854133745
4983	-0.1854261335
4984	-0.185430309
4985	-0.1854326061
4986	-0.1854355741
4987	-0.1854370756
4988	-0.1854403667
4989	-0.1854446269
4990	-0.1854510684
4991	-0.185452586
4992	-0.1854591889
4993	-0.1854668479
4994	-0.1854705842
4995	-0.1854752801
4996	-0.1854808005
4997	-0.1854855896
4998	-0.1854992883
4999	-0.1855029093
