lr-Adam,step,training_loss,pred_loss,update_loss,epoch,val_loss,val_loss_pred,val_loss_update,val_rmse,test_loss,test_rmse,test_var_pit,test_crps,test_ignorance,test_int_score,int_coverage,int_med_width,int_av_width
0.01,19,,,,,,,,,,,,,,,,,
,19,776.4991455078125,775.6287841796875,870.3775634765625,0,,,,,,,,,,,,,
0.01,39,,,,,,,,,,,,,,,,,
,39,304.6184997558594,304.337158203125,281.34002685546875,0,,,,,,,,,,,,,
0.01,59,,,,,,,,,,,,,,,,,
,59,395.7716979980469,395.7060852050781,65.60675048828125,0,,,,,,,,,,,,,
0.01,79,,,,,,,,,,,,,,,,,
,79,457.8045959472656,458.03765869140625,-233.07765197753906,0,,,,,,,,,,,,,
0.01,99,,,,,,,,,,,,,,,,,
,99,-76.8731918334961,-76.20988464355469,-663.3037719726562,0,,,,,,,,,,,,,
,103,,,,0,-2622.525146484375,-2596.61083984375,-25914.44921875,40.51603698730469,,,,,,,,,
0.01,119,,,,,,,,,,,,,,,,,
,119,40.85652160644531,41.787166595458984,-930.644287109375,0,,,,,,,,,,,,,
0.01,139,,,,,,,,,,,,,,,,,
,139,-192.891845703125,-191.99246215820312,-899.3762817382812,0,,,,,,,,,,,,,
0.01,159,,,,,,,,,,,,,,,,,
,159,80.11819458007812,80.6387939453125,-520.6009521484375,0,,,,,,,,,,,,,
0.01,179,,,,,,,,,,,,,,,,,
,179,-59.03846740722656,-58.096961975097656,-941.50537109375,0,,,,,,,,,,,,,
0.01,199,,,,,,,,,,,,,,,,,
,199,-185.11448669433594,-184.357177734375,-757.3143920898438,0,,,,,,,,,,,,,
,207,,,,0,-3056.503173828125,-3031.672607421875,-24830.4609375,40.81238555908203,,,,,,,,,
0.01,219,,,,,,,,,,,,,,,,,
,219,-85.03060913085938,-84.15638732910156,-874.2252197265625,1,,,,,,,,,,,,,
0.01,239,,,,,,,,,,,,,,,,,
,239,-157.62013244628906,-156.52842712402344,-1091.707763671875,1,,,,,,,,,,,,,
0.01,259,,,,,,,,,,,,,,,,,
,259,-4.510133743286133,-3.6734347343444824,-836.698974609375,1,,,,,,,,,,,,,
0.01,279,,,,,,,,,,,,,,,,,
,279,-21.00747299194336,-20.174501419067383,-832.9708862304688,1,,,,,,,,,,,,,
0.01,299,,,,,,,,,,,,,,,,,
,299,-161.24148559570312,-160.2386016845703,-1002.8770751953125,1,,,,,,,,,,,,,
,311,,,,1,-4565.89306640625,-4534.9423828125,-30951.7578125,38.85466766357422,,,,,,,,,
0.01,319,,,,,,,,,,,,,,,,,
,319,-60.0430793762207,-59.21440505981445,-828.6760864257812,1,,,,,,,,,,,,,
0.01,339,,,,,,,,,,,,,,,,,
,339,48.685264587402344,49.597007751464844,-911.7415771484375,1,,,,,,,,,,,,,
0.01,359,,,,,,,,,,,,,,,,,
,359,-177.12557983398438,-176.1878662109375,-937.7135009765625,1,,,,,,,,,,,,,
0.01,379,,,,,,,,,,,,,,,,,
,379,-227.9398956298828,-226.77462768554688,-1165.274169921875,1,,,,,,,,,,,,,
0.01,399,,,,,,,,,,,,,,,,,
,399,-84.37956237792969,-83.53909301757812,-840.4677734375,1,,,,,,,,,,,,,
,415,,,,1,-4484.38232421875,-4455.3935546875,-28988.779296875,39.35746765136719,,,,,,,,,
0.01,419,,,,,,,,,,,,,,,,,
,419,-205.98719787597656,-205.00912475585938,-978.0679931640625,2,,,,,,,,,,,,,
0.01,439,,,,,,,,,,,,,,,,,
,439,-252.3409881591797,-251.30841064453125,-1032.573974609375,2,,,,,,,,,,,,,
0.01,459,,,,,,,,,,,,,,,,,
,459,-315.59759521484375,-314.4892578125,-1108.343994140625,2,,,,,,,,,,,,,
0.01,479,,,,,,,,,,,,,,,,,
,479,-125.07279968261719,-124.1065673828125,-966.234619140625,2,,,,,,,,,,,,,
0.01,499,,,,,,,,,,,,,,,,,
,499,-119.62330627441406,-118.32681274414062,-1296.4971923828125,2,,,,,,,,,,,,,
0.01,519,,,,,,,,,,,,,,,,,
,519,-85.49459838867188,-84.46958923339844,-1025.01220703125,2,,,,,,,,,,,,,
,519,,,,2,-5203.28662109375,-5169.43310546875,-33853.3046875,38.57282257080078,,,,,,,,,
0.01,539,,,,,,,,,,,,,,,,,
,539,45.828575134277344,46.63264465332031,-804.0682983398438,2,,,,,,,,,,,,,
0.01,559,,,,,,,,,,,,,,,,,
,559,-129.5834197998047,-128.5493621826172,-1034.0616455078125,2,,,,,,,,,,,,,
0.01,579,,,,,,,,,,,,,,,,,
,579,-212.73336791992188,-211.3796844482422,-1353.6785888671875,2,,,,,,,,,,,,,
0.01,599,,,,,,,,,,,,,,,,,
,599,-151.9265899658203,-150.9613800048828,-965.2141723632812,2,,,,,,,,,,,,,
0.01,619,,,,,,,,,,,,,,,,,
,619,-236.3767547607422,-235.1708526611328,-1205.89794921875,2,,,,,,,,,,,,,
,623,,,,2,-5172.25439453125,-5137.36865234375,-34886.12109375,38.96491241455078,,,,,,,,,
0.01,639,,,,,,,,,,,,,,,,,
,639,12.750391006469727,13.756114959716797,-1005.7239379882812,3,,,,,,,,,,,,,
0.01,659,,,,,,,,,,,,,,,,,
,659,-209.18878173828125,-208.0567169189453,-1132.062744140625,3,,,,,,,,,,,,,
0.01,679,,,,,,,,,,,,,,,,,
,679,-85.02783966064453,-84.08499145507812,-942.8504638671875,3,,,,,,,,,,,,,
0.01,699,,,,,,,,,,,,,,,,,
,699,-206.10916137695312,-204.73922729492188,-1369.927001953125,3,,,,,,,,,,,,,
0.01,719,,,,,,,,,,,,,,,,,
,719,-72.039794921875,-70.82260131835938,-1217.197265625,3,,,,,,,,,,,,,
,727,,,,3,-5875.59912109375,-5840.3740234375,-35225.69921875,38.16716766357422,,,,,,,,,
0.01,739,,,,,,,,,,,,,,,,,
,739,-41.595428466796875,-40.44371032714844,-1151.7181396484375,3,,,,,,,,,,,,,
0.01,759,,,,,,,,,,,,,,,,,
,759,-102.69406127929688,-101.79568481445312,-898.373779296875,3,,,,,,,,,,,,,
0.01,779,,,,,,,,,,,,,,,,,
,779,-180.87210083007812,-179.55758666992188,-1314.5130615234375,3,,,,,,,,,,,,,
0.01,799,,,,,,,,,,,,,,,,,
,799,-238.2285919189453,-236.9666290283203,-1261.9659423828125,3,,,,,,,,,,,,,
0.01,819,,,,,,,,,,,,,,,,,
,819,-242.60850524902344,-241.4735107421875,-1134.994384765625,3,,,,,,,,,,,,,
,831,,,,3,-5461.63720703125,-5426.96484375,-34672.55859375,38.48270797729492,,,,,,,,,
0.01,839,,,,,,,,,,,,,,,,,
,839,-2.808553695678711,-1.5402145385742188,-1268.3392333984375,4,,,,,,,,,,,,,
0.01,859,,,,,,,,,,,,,,,,,
,859,-279.0822448730469,-277.8045349121094,-1277.6983642578125,4,,,,,,,,,,,,,
0.01,879,,,,,,,,,,,,,,,,,
,879,-229.2403106689453,-228.05767822265625,-1182.625244140625,4,,,,,,,,,,,,,
0.01,899,,,,,,,,,,,,,,,,,
,899,-281.2944030761719,-279.8756408691406,-1418.761962890625,4,,,,,,,,,,,,,
0.01,919,,,,,,,,,,,,,,,,,
,919,-211.73919677734375,-210.4297332763672,-1309.468994140625,4,,,,,,,,,,,,,
,935,,,,4,-6151.04345703125,-6113.978515625,-37064.8515625,37.96349334716797,,,,,,,,,
0.01,939,,,,,,,,,,,,,,,,,
,939,-49.16041946411133,-47.950408935546875,-1210.0108642578125,4,,,,,,,,,,,,,
0.01,959,,,,,,,,,,,,,,,,,
,959,-223.2377471923828,-221.9763641357422,-1261.38671875,4,,,,,,,,,,,,,
0.01,979,,,,,,,,,,,,,,,,,
,979,-258.8482971191406,-257.5159912109375,-1332.296630859375,4,,,,,,,,,,,,,
0.01,999,,,,,,,,,,,,,,,,,
,999,-73.64620208740234,-72.89789581298828,-748.3041381835938,4,,,,,,,,,,,,,
0.01,1019,,,,,,,,,,,,,,,,,
,1019,-95.28792572021484,-94.22637176513672,-1061.553955078125,4,,,,,,,,,,,,,
0.01,1039,,,,,,,,,,,,,,,,,
,1039,-81.83345031738281,-80.91337585449219,-920.075439453125,4,,,,,,,,,,,,,
,1039,,,,4,-5817.7724609375,-5779.8505859375,-37922.0234375,38.43244171142578,,,,,,,,,
0.01,1059,,,,,,,,,,,,,,,,,
,1059,-120.61639404296875,-119.52640533447266,-1089.98828125,5,,,,,,,,,,,,,
0.01,1079,,,,,,,,,,,,,,,,,
,1079,-216.160400390625,-214.90789794921875,-1252.501708984375,5,,,,,,,,,,,,,
0.01,1099,,,,,,,,,,,,,,,,,
,1099,-107.49166107177734,-106.43685150146484,-1054.80712890625,5,,,,,,,,,,,,,
0.01,1119,,,,,,,,,,,,,,,,,
,1119,26.365047454833984,27.44992446899414,-1084.87744140625,5,,,,,,,,,,,,,
0.01,1139,,,,,,,,,,,,,,,,,
,1139,-235.98675537109375,-234.85267639160156,-1134.073486328125,5,,,,,,,,,,,,,
,1143,,,,5,-6606.40625,-6566.99755859375,-39408.85546875,37.669677734375,,,,,,,,,
0.01,1159,,,,,,,,,,,,,,,,,
,1159,-195.01905822753906,-193.6446075439453,-1374.451904296875,5,,,,,,,,,,,,,
0.01,1179,,,,,,,,,,,,,,,,,
,1179,-371.2406005859375,-369.9383850097656,-1302.2208251953125,5,,,,,,,,,,,,,
0.01,1199,,,,,,,,,,,,,,,,,
,1199,87.47554016113281,88.37127685546875,-895.7386474609375,5,,,,,,,,,,,,,
0.01,1219,,,,,,,,,,,,,,,,,
,1219,-185.9264373779297,-184.638671875,-1287.7703857421875,5,,,,,,,,,,,,,
0.01,1239,,,,,,,,,,,,,,,,,
,1239,-226.61996459960938,-225.61260986328125,-1007.3478393554688,5,,,,,,,,,,,,,
,1247,,,,5,-4392.22900390625,-4358.17822265625,-34050.5078125,39.6809196472168,,,,,,,,,
0.01,1259,,,,,,,,,,,,,,,,,
,1259,-154.00364685058594,-152.81761169433594,-1186.029296875,6,,,,,,,,,,,,,
0.01,1279,,,,,,,,,,,,,,,,,
,1279,-256.5778503417969,-255.20452880859375,-1373.33447265625,6,,,,,,,,,,,,,
0.01,1299,,,,,,,,,,,,,,,,,
,1299,-121.20803833007812,-120.02568054199219,-1182.360595703125,6,,,,,,,,,,,,,
0.01,1319,,,,,,,,,,,,,,,,,
,1319,-83.06734466552734,-82.05430603027344,-1013.0357055664062,6,,,,,,,,,,,,,
0.01,1339,,,,,,,,,,,,,,,,,
,1339,-252.5321044921875,-251.19329833984375,-1338.8004150390625,6,,,,,,,,,,,,,
,1351,,,,6,-6638.24169921875,-6598.21923828125,-40022.5078125,38.01823806762695,,,,,,,,,
0.01,1359,,,,,,,,,,,,,,,,,
,1359,-172.67198181152344,-171.4743194580078,-1197.669677734375,6,,,,,,,,,,,,,
0.01,1379,,,,,,,,,,,,,,,,,
,1379,-11.828076362609863,-10.714218139648438,-1113.85791015625,6,,,,,,,,,,,,,
0.01,1399,,,,,,,,,,,,,,,,,
,1399,-277.97869873046875,-276.7698974609375,-1208.810546875,6,,,,,,,,,,,,,
0.01,1419,,,,,,,,,,,,,,,,,
,1419,-333.4996643066406,-331.975830078125,-1523.83740234375,6,,,,,,,,,,,,,
0.01,1439,,,,,,,,,,,,,,,,,
,1439,-194.45497131347656,-193.2935791015625,-1161.39501953125,6,,,,,,,,,,,,,
,1455,,,,6,-6418.53515625,-6381.34619140625,-37188.3046875,38.05473709106445,,,,,,,,,
0.01,1459,,,,,,,,,,,,,,,,,
,1459,-261.94610595703125,-260.70648193359375,-1239.632080078125,7,,,,,,,,,,,,,
0.01,1479,,,,,,,,,,,,,,,,,
,1479,-274.72698974609375,-273.4585876464844,-1268.397216796875,7,,,,,,,,,,,,,
0.01,1499,,,,,,,,,,,,,,,,,
,1499,-366.0709228515625,-364.66473388671875,-1406.187744140625,7,,,,,,,,,,,,,
0.01,1519,,,,,,,,,,,,,,,,,
,1519,-150.01805114746094,-148.89498901367188,-1123.068359375,7,,,,,,,,,,,,,
0.01,1539,,,,,,,,,,,,,,,,,
,1539,-180.29232788085938,-178.7852020263672,-1507.123779296875,7,,,,,,,,,,,,,
0.01,1559,,,,,,,,,,,,,,,,,
,1559,-142.9729766845703,-141.71682739257812,-1256.1434326171875,7,,,,,,,,,,,,,
,1559,,,,7,-6882.99755859375,-6842.64404296875,-40354.00390625,37.303470611572266,,,,,,,,,
0.01,1579,,,,,,,,,,,,,,,,,
,1579,-14.424796104431152,-13.3621826171875,-1062.61328125,7,,,,,,,,,,,,,
0.01,1599,,,,,,,,,,,,,,,,,
,1599,-170.4998321533203,-169.25672912597656,-1243.103271484375,7,,,,,,,,,,,,,
0.01,1619,,,,,,,,,,,,,,,,,
,1619,-292.5947265625,-291.09259033203125,-1502.1490478515625,7,,,,,,,,,,,,,
0.01,1639,,,,,,,,,,,,,,,,,
,1639,-177.1508026123047,-176.1016845703125,-1049.12158203125,7,,,,,,,,,,,,,
0.01,1659,,,,,,,,,,,,,,,,,
,1659,-235.33224487304688,-233.9186553955078,-1413.584716796875,7,,,,,,,,,,,,,
,1663,,,,7,-6393.10009765625,-6354.1650390625,-38934.33984375,38.439517974853516,,,,,,,,,
0.01,1679,,,,,,,,,,,,,,,,,
,1679,-26.240402221679688,-25.0487003326416,-1191.7027587890625,8,,,,,,,,,,,,,
0.01,1699,,,,,,,,,,,,,,,,,
,1699,-245.1529083251953,-243.86517333984375,-1287.7294921875,8,,,,,,,,,,,,,
0.01,1719,,,,,,,,,,,,,,,,,
,1719,-75.31233215332031,-74.18688201904297,-1125.44873046875,8,,,,,,,,,,,,,
0.01,1739,,,,,,,,,,,,,,,,,
,1739,-249.971435546875,-248.46255493164062,-1508.882568359375,8,,,,,,,,,,,,,
0.01,1759,,,,,,,,,,,,,,,,,
,1759,-111.46150207519531,-110.06299591064453,-1398.50244140625,8,,,,,,,,,,,,,
,1767,,,,8,-7349.0908203125,-7307.1044921875,-41986.4921875,37.226444244384766,,,,,,,,,
0.01,1779,,,,,,,,,,,,,,,,,
,1779,-43.20393371582031,-41.95253372192383,-1251.4005126953125,8,,,,,,,,,,,,,
0.01,1799,,,,,,,,,,,,,,,,,
,1799,-150.48886108398438,-149.46214294433594,-1026.72314453125,8,,,,,,,,,,,,,
0.01,1819,,,,,,,,,,,,,,,,,
,1819,-211.59481811523438,-210.135009765625,-1459.808349609375,8,,,,,,,,,,,,,
0.01,1839,,,,,,,,,,,,,,,,,
,1839,-286.07568359375,-284.60003662109375,-1475.655517578125,8,,,,,,,,,,,,,
0.01,1859,,,,,,,,,,,,,,,,,
,1859,-234.6477508544922,-233.43426513671875,-1213.487060546875,8,,,,,,,,,,,,,
,1871,,,,8,-6582.96728515625,-6543.1875,-39780.0,38.02452850341797,,,,,,,,,
0.01,1879,,,,,,,,,,,,,,,,,
,1879,-63.022621154785156,-61.68528747558594,-1337.33349609375,9,,,,,,,,,,,,,
0.01,1899,,,,,,,,,,,,,,,,,
,1899,-320.32415771484375,-318.9541320800781,-1370.0123291015625,9,,,,,,,,,,,,,
0.01,1919,,,,,,,,,,,,,,,,,
,1919,-258.27880859375,-256.87310791015625,-1405.7149658203125,9,,,,,,,,,,,,,
0.01,1939,,,,,,,,,,,,,,,,,
,1939,-338.9317932128906,-337.33074951171875,-1601.03076171875,9,,,,,,,,,,,,,
0.01,1959,,,,,,,,,,,,,,,,,
,1959,-219.8316650390625,-218.45867919921875,-1372.9871826171875,9,,,,,,,,,,,,,
,1975,,,,9,-6925.11572265625,-6884.564453125,-40551.37109375,37.7139892578125,,,,,,,,,
0.01,1979,,,,,,,,,,,,,,,,,
,1979,-68.24774932861328,-66.95198059082031,-1295.7677001953125,9,,,,,,,,,,,,,
0.01,1999,,,,,,,,,,,,,,,,,
,1999,-251.5416717529297,-250.3201904296875,-1221.4744873046875,9,,,,,,,,,,,,,
0.01,2019,,,,,,,,,,,,,,,,,
,2019,-271.47637939453125,-269.9607849121094,-1515.58642578125,9,,,,,,,,,,,,,
0.01,2039,,,,,,,,,,,,,,,,,
,2039,-107.5931167602539,-106.81336975097656,-779.7481689453125,9,,,,,,,,,,,,,
0.01,2059,,,,,,,,,,,,,,,,,
,2059,-87.40936279296875,-86.18964385986328,-1219.721923828125,9,,,,,,,,,,,,,
0.01,2079,,,,,,,,,,,,,,,,,
,2079,-105.78279876708984,-104.86357116699219,-919.2273559570312,9,,,,,,,,,,,,,
,2079,,,,9,-6054.89111328125,-6018.06787109375,-36823.89453125,38.52388000488281,,,,,,,,,
0.01,2099,,,,,,,,,,,,,,,,,
,2099,-97.16787719726562,-96.06475830078125,-1103.1180419921875,10,,,,,,,,,,,,,
0.01,2119,,,,,,,,,,,,,,,,,
,2119,-267.13787841796875,-265.78302001953125,-1354.86962890625,10,,,,,,,,,,,,,
0.01,2139,,,,,,,,,,,,,,,,,
,2139,-98.27592468261719,-97.12680053710938,-1149.124755859375,10,,,,,,,,,,,,,
0.01,2159,,,,,,,,,,,,,,,,,
,2159,-14.155037879943848,-12.929855346679688,-1225.182373046875,10,,,,,,,,,,,,,
0.01,2179,,,,,,,,,,,,,,,,,
,2179,-290.96484375,-289.76373291015625,-1201.107177734375,10,,,,,,,,,,,,,
,2183,,,,10,-7172.55224609375,-7130.27294921875,-42278.9453125,37.37696075439453,,,,,,,,,
0.01,2199,,,,,,,,,,,,,,,,,
,2199,-211.59457397460938,-210.0906219482422,-1503.9503173828125,10,,,,,,,,,,,,,
0.01,2219,,,,,,,,,,,,,,,,,
,2219,-396.5850830078125,-395.133544921875,-1451.527099609375,10,,,,,,,,,,,,,
0.01,2239,,,,,,,,,,,,,,,,,
,2239,1.9991326332092285,2.8759613037109375,-876.82861328125,10,,,,,,,,,,,,,
0.01,2259,,,,,,,,,,,,,,,,,
,2259,-211.46871948242188,-210.0909423828125,-1377.7718505859375,10,,,,,,,,,,,,,
0.01,2279,,,,,,,,,,,,,,,,,
,2279,-256.8277893066406,-255.68775939941406,-1140.0411376953125,10,,,,,,,,,,,,,
,2287,,,,10,-6949.21044921875,-6909.6083984375,-39601.88671875,37.58335494995117,,,,,,,,,
0.01,2299,,,,,,,,,,,,,,,,,
,2299,-178.5718536376953,-177.32009887695312,-1251.747314453125,11,,,,,,,,,,,,,
0.01,2319,,,,,,,,,,,,,,,,,
,2319,-284.7877197265625,-283.2808532714844,-1506.86865234375,11,,,,,,,,,,,,,
0.01,2339,,,,,,,,,,,,,,,,,
,2339,-160.6033935546875,-159.3719482421875,-1231.43994140625,11,,,,,,,,,,,,,
0.01,2359,,,,,,,,,,,,,,,,,
,2359,-111.20540618896484,-110.06272888183594,-1142.6798095703125,11,,,,,,,,,,,,,
0.01,2379,,,,,,,,,,,,,,,,,
,2379,-262.3265075683594,-260.954833984375,-1371.6829833984375,11,,,,,,,,,,,,,
,2391,,,,11,-7211.8984375,-7169.6904296875,-42207.3515625,37.734588623046875,,,,,,,,,
0.01,2399,,,,,,,,,,,,,,,,,
,2399,-172.51214599609375,-171.27700805664062,-1235.1397705078125,11,,,,,,,,,,,,,
0.01,2419,,,,,,,,,,,,,,,,,
,2419,-75.17352294921875,-73.94309997558594,-1230.4263916015625,11,,,,,,,,,,,,,
0.01,2439,,,,,,,,,,,,,,,,,
,2439,-332.1768798828125,-330.96380615234375,-1213.07666015625,11,,,,,,,,,,,,,
0.01,2459,,,,,,,,,,,,,,,,,
,2459,-324.2688903808594,-322.7294921875,-1539.404296875,11,,,,,,,,,,,,,
0.01,2479,,,,,,,,,,,,,,,,,
,2479,-200.18112182617188,-199.00009155273438,-1181.024169921875,11,,,,,,,,,,,,,
,2495,,,,11,-6456.1845703125,-6418.18017578125,-38004.4296875,38.068603515625,,,,,,,,,
0.01,2499,,,,,,,,,,,,,,,,,
,2499,-253.14173889160156,-251.88075256347656,-1260.979736328125,12,,,,,,,,,,,,,
0.01,2519,,,,,,,,,,,,,,,,,
,2519,-277.2312316894531,-276.019775390625,-1211.4462890625,12,,,,,,,,,,,,,
0.01,2539,,,,,,,,,,,,,,,,,
,2539,-390.2680358886719,-388.753662109375,-1514.385498046875,12,,,,,,,,,,,,,
0.01,2559,,,,,,,,,,,,,,,,,
,2559,-179.46006774902344,-178.24356079101562,-1216.513427734375,12,,,,,,,,,,,,,
0.01,2579,,,,,,,,,,,,,,,,,
,2579,-228.3996124267578,-226.7130126953125,-1686.6036376953125,12,,,,,,,,,,,,,
0.01,2599,,,,,,,,,,,,,,,,,
,2599,-161.67562866210938,-160.4107666015625,-1264.8643798828125,12,,,,,,,,,,,,,
,2599,,,,12,-7550.24951171875,-7507.3603515625,-42888.8671875,37.3222770690918,,,,,,,,,
0.01,2619,,,,,,,,,,,,,,,,,
,2619,-40.22852325439453,-39.137794494628906,-1090.728515625,12,,,,,,,,,,,,,
0.01,2639,,,,,,,,,,,,,,,,,
,2639,-184.70379638671875,-183.45912170410156,-1244.6722412109375,12,,,,,,,,,,,,,
0.01,2659,,,,,,,,,,,,,,,,,
,2659,-275.5105285644531,-273.98895263671875,-1521.56103515625,12,,,,,,,,,,,,,
0.01,2679,,,,,,,,,,,,,,,,,
,2679,-188.8080596923828,-187.73629760742188,-1071.75830078125,12,,,,,,,,,,,,,
0.01,2699,,,,,,,,,,,,,,,,,
,2699,-264.43377685546875,-262.93450927734375,-1499.2545166015625,12,,,,,,,,,,,,,
,2703,,,,12,-6511.03125,-6471.8857421875,-39145.5234375,38.15403747558594,,,,,,,,,
0.001,2719,,,,,,,,,,,,,,,,,
,2719,-40.51060104370117,-39.29921340942383,-1211.387939453125,13,,,,,,,,,,,,,
0.001,2739,,,,,,,,,,,,,,,,,
,2739,-294.2637023925781,-292.8764343261719,-1387.2802734375,13,,,,,,,,,,,,,
0.001,2759,,,,,,,,,,,,,,,,,
,2759,-117.51871490478516,-116.33209228515625,-1186.6217041015625,13,,,,,,,,,,,,,
0.001,2779,,,,,,,,,,,,,,,,,
,2779,-300.0552062988281,-298.40948486328125,-1645.7098388671875,13,,,,,,,,,,,,,
0.001,2799,,,,,,,,,,,,,,,,,
,2799,-180.44732666015625,-178.99468994140625,-1452.63818359375,13,,,,,,,,,,,,,
,2807,,,,13,-7787.68017578125,-7744.6171875,-43063.74609375,37.117252349853516,,,,,,,,,
0.001,2819,,,,,,,,,,,,,,,,,
,2819,-81.91987609863281,-80.51477813720703,-1405.09423828125,13,,,,,,,,,,,,,
0.001,2839,,,,,,,,,,,,,,,,,
,2839,-185.5426788330078,-184.42974853515625,-1112.934814453125,13,,,,,,,,,,,,,
0.001,2859,,,,,,,,,,,,,,,,,
,2859,-274.4605407714844,-272.84832763671875,-1612.204833984375,13,,,,,,,,,,,,,
0.001,2879,,,,,,,,,,,,,,,,,
,2879,-278.1966247558594,-276.61700439453125,-1579.6328125,13,,,,,,,,,,,,,
0.001,2899,,,,,,,,,,,,,,,,,
,2899,-270.96563720703125,-269.6519775390625,-1313.656982421875,13,,,,,,,,,,,,,
,2911,,,,13,-7796.0693359375,-7755.205078125,-40865.03515625,37.16426467895508,,,,,,,,,
0.001,2919,,,,,,,,,,,,,,,,,
,2919,-74.63957214355469,-73.24242401123047,-1397.147216796875,14,,,,,,,,,,,,,
0.001,2939,,,,,,,,,,,,,,,,,
,2939,-318.61395263671875,-317.0606384277344,-1553.3193359375,14,,,,,,,,,,,,,
0.001,2959,,,,,,,,,,,,,,,,,
,2959,-303.95074462890625,-302.49896240234375,-1451.775390625,14,,,,,,,,,,,,,
0.001,2979,,,,,,,,,,,,,,,,,
,2979,-368.9877014160156,-367.2438049316406,-1743.8857421875,14,,,,,,,,,,,,,
0.001,2999,,,,,,,,,,,,,,,,,
,2999,-261.34844970703125,-259.8305969238281,-1517.865478515625,14,,,,,,,,,,,,,
,3015,,,,14,-7883.96826171875,-7841.076171875,-42891.57421875,37.11135482788086,,,,,,,,,
0.001,3019,,,,,,,,,,,,,,,,,
,3019,-106.4221420288086,-105.03761291503906,-1384.5306396484375,14,,,,,,,,,,,,,
0.001,3039,,,,,,,,,,,,,,,,,
,3039,-283.4691162109375,-281.946044921875,-1523.0718994140625,14,,,,,,,,,,,,,
0.001,3059,,,,,,,,,,,,,,,,,
,3059,-294.774658203125,-293.13299560546875,-1641.647216796875,14,,,,,,,,,,,,,
0.001,3079,,,,,,,,,,,,,,,,,
,3079,-132.63255310058594,-131.69070434570312,-941.850830078125,14,,,,,,,,,,,,,
0.001,3099,,,,,,,,,,,,,,,,,
,3099,-121.58070373535156,-120.23469543457031,-1346.0086669921875,14,,,,,,,,,,,,,
0.001,3119,,,,,,,,,,,,,,,,,
,3119,-118.4016342163086,-117.41204833984375,-989.5867919921875,14,,,,,,,,,,,,,
,3119,,,,14,-7822.25390625,-7781.36865234375,-40884.6640625,37.14883041381836,,,,,,,,,
0.001,3139,,,,,,,,,,,,,,,,,
,3139,-167.04876708984375,-165.89273071289062,-1156.03271484375,15,,,,,,,,,,,,,
0.001,3159,,,,,,,,,,,,,,,,,
,3159,-303.5939025878906,-302.2649230957031,-1328.991455078125,15,,,,,,,,,,,,,
0.001,3179,,,,,,,,,,,,,,,,,
,3179,-154.3284912109375,-153.03134155273438,-1297.146240234375,15,,,,,,,,,,,,,
0.001,3199,,,,,,,,,,,,,,,,,
,3199,-23.06134796142578,-21.79681396484375,-1264.5340576171875,15,,,,,,,,,,,,,
0.001,3219,,,,,,,,,,,,,,,,,
,3219,-263.519287109375,-262.29150390625,-1227.796630859375,15,,,,,,,,,,,,,
,3223,,,,15,-7887.23095703125,-7844.7890625,-42441.9140625,37.07109069824219,,,,,,,,,
0.001,3239,,,,,,,,,,,,,,,,,
,3239,-257.3962097167969,-255.855712890625,-1540.48388671875,15,,,,,,,,,,,,,
0.001,3259,,,,,,,,,,,,,,,,,
,3259,-388.62457275390625,-387.10009765625,-1524.4681396484375,15,,,,,,,,,,,,,
0.001,3279,,,,,,,,,,,,,,,,,
,3279,-13.80245304107666,-12.724464416503906,-1077.9881591796875,15,,,,,,,,,,,,,
0.001,3299,,,,,,,,,,,,,,,,,
,3299,-225.3611297607422,-223.88409423828125,-1477.029296875,15,,,,,,,,,,,,,
0.001,3319,,,,,,,,,,,,,,,,,
,3319,-277.09844970703125,-275.893310546875,-1205.13818359375,15,,,,,,,,,,,,,
,3327,,,,15,-7860.07763671875,-7819.27880859375,-40798.76171875,37.173492431640625,,,,,,,,,
0.001,3339,,,,,,,,,,,,,,,,,
,3339,-231.2498321533203,-229.99798583984375,-1251.8507080078125,16,,,,,,,,,,,,,
0.001,3359,,,,,,,,,,,,,,,,,
,3359,-339.19512939453125,-337.619140625,-1576.003173828125,16,,,,,,,,,,,,,
0.001,3379,,,,,,,,,,,,,,,,,
,3379,-173.83934020996094,-172.52108764648438,-1318.2559814453125,16,,,,,,,,,,,,,
0.001,3399,,,,,,,,,,,,,,,,,
,3399,-127.39796447753906,-126.14031982421875,-1257.6456298828125,16,,,,,,,,,,,,,
0.001,3419,,,,,,,,,,,,,,,,,
,3419,-309.6571960449219,-308.16937255859375,-1487.837890625,16,,,,,,,,,,,,,
,3431,,,,16,-7903.41064453125,-7860.107421875,-43303.82421875,37.05941390991211,,,,,,,,,
0.001,3439,,,,,,,,,,,,,,,,,
,3439,-209.51614379882812,-208.12001037597656,-1396.138427734375,16,,,,,,,,,,,,,
0.001,3459,,,,,,,,,,,,,,,,,
,3459,-114.67008972167969,-113.3968276977539,-1273.260986328125,16,,,,,,,,,,,,,
0.001,3479,,,,,,,,,,,,,,,,,
,3479,-351.427734375,-350.0556640625,-1372.06201171875,16,,,,,,,,,,,,,
0.001,3499,,,,,,,,,,,,,,,,,
,3499,-351.7752990722656,-350.10455322265625,-1670.7459716796875,16,,,,,,,,,,,,,
0.001,3519,,,,,,,,,,,,,,,,,
,3519,-260.2801513671875,-258.9386901855469,-1341.4658203125,16,,,,,,,,,,,,,
,3535,,,,16,-7912.34765625,-7870.58642578125,-41760.5390625,37.09893035888672,,,,,,,,,
0.001,3539,,,,,,,,,,,,,,,,,
,3539,-289.16455078125,-287.8267822265625,-1337.771728515625,17,,,,,,,,,,,,,
0.001,3559,,,,,,,,,,,,,,,,,
,3559,-325.3913269042969,-324.00555419921875,-1385.76416015625,17,,,,,,,,,,,,,
0.001,3579,,,,,,,,,,,,,,,,,
,3579,-407.6310119628906,-406.128173828125,-1502.839599609375,17,,,,,,,,,,,,,
0.001,3599,,,,,,,,,,,,,,,,,
,3599,-191.89328002929688,-190.65794372558594,-1235.342529296875,17,,,,,,,,,,,,,
0.001,3619,,,,,,,,,,,,,,,,,
,3619,-258.03271484375,-256.3041687011719,-1728.54736328125,17,,,,,,,,,,,,,
0.001,3639,,,,,,,,,,,,,,,,,
,3639,-174.2914581298828,-173.0086669921875,-1282.796142578125,17,,,,,,,,,,,,,
,3639,,,,17,-7944.546875,-7901.71484375,-42831.6171875,37.073951721191406,,,,,,,,,
0.001,3659,,,,,,,,,,,,,,,,,
,3659,-86.61410522460938,-85.40830993652344,-1205.7919921875,17,,,,,,,,,,,,,
0.001,3679,,,,,,,,,,,,,,,,,
,3679,-195.54107666015625,-194.11691284179688,-1424.1640625,17,,,,,,,,,,,,,
0.001,3699,,,,,,,,,,,,,,,,,
,3699,-327.4020690917969,-325.65008544921875,-1751.985595703125,17,,,,,,,,,,,,,
0.001,3719,,,,,,,,,,,,,,,,,
,3719,-191.32815551757812,-190.20130920410156,-1126.85205078125,17,,,,,,,,,,,,,
0.001,3739,,,,,,,,,,,,,,,,,
,3739,-298.32769775390625,-296.839599609375,-1488.09619140625,17,,,,,,,,,,,,,
,3743,,,,17,-7864.453125,-7823.40673828125,-41046.78515625,37.14579772949219,,,,,,,,,
0.001,3759,,,,,,,,,,,,,,,,,
,3759,-44.80277633666992,-43.575843811035156,-1226.931396484375,18,,,,,,,,,,,,,
0.001,3779,,,,,,,,,,,,,,,,,
,3779,-281.9043273925781,-280.50799560546875,-1396.318359375,18,,,,,,,,,,,,,
0.001,3799,,,,,,,,,,,,,,,,,
,3799,-130.6962432861328,-129.5001220703125,-1196.12646484375,18,,,,,,,,,,,,,
0.001,3819,,,,,,,,,,,,,,,,,
,3819,-308.8793640136719,-307.2336120605469,-1645.762451171875,18,,,,,,,,,,,,,
0.001,3839,,,,,,,,,,,,,,,,,
,3839,-184.9062042236328,-183.5002899169922,-1405.9107666015625,18,,,,,,,,,,,,,
,3847,,,,18,-7960.27783203125,-7917.14697265625,-43131.015625,37.02253723144531,,,,,,,,,
0.001,3859,,,,,,,,,,,,,,,,,
,3859,-90.98600769042969,-89.58553314208984,-1400.4775390625,18,,,,,,,,,,,,,
0.001,3879,,,,,,,,,,,,,,,,,
,3879,-175.8772735595703,-174.75570678710938,-1121.564697265625,18,,,,,,,,,,,,,
0.001,3899,,,,,,,,,,,,,,,,,
,3899,-246.25827026367188,-244.5623016357422,-1695.9610595703125,18,,,,,,,,,,,,,
0.001,3919,,,,,,,,,,,,,,,,,
,3919,-319.4114074707031,-317.82183837890625,-1589.5762939453125,18,,,,,,,,,,,,,
0.001,3939,,,,,,,,,,,,,,,,,
,3939,-285.9951477050781,-284.62823486328125,-1366.9085693359375,18,,,,,,,,,,,,,
,3951,,,,18,-7922.3798828125,-7880.86279296875,-41517.54296875,37.130393981933594,,,,,,,,,
0.001,3959,,,,,,,,,,,,,,,,,
,3959,-95.14208984375,-93.76382446289062,-1378.2689208984375,19,,,,,,,,,,,,,
0.001,3979,,,,,,,,,,,,,,,,,
,3979,-348.623291015625,-347.0675354003906,-1555.7572021484375,19,,,,,,,,,,,,,
0.001,3999,,,,,,,,,,,,,,,,,
,3999,-296.2964782714844,-294.8213195800781,-1475.157470703125,19,,,,,,,,,,,,,
0.001,4019,,,,,,,,,,,,,,,,,
,4019,-381.7974548339844,-380.0318603515625,-1765.5938720703125,19,,,,,,,,,,,,,
0.001,4039,,,,,,,,,,,,,,,,,
,4039,-258.4556579589844,-256.9440612792969,-1511.599853515625,19,,,,,,,,,,,,,
,4055,,,,19,-7991.5830078125,-7948.4404296875,-43142.10546875,37.010414123535156,,,,,,,,,
0.001,4059,,,,,,,,,,,,,,,,,
,4059,-111.43434143066406,-110.02880859375,-1405.530517578125,19,,,,,,,,,,,,,
0.001,4079,,,,,,,,,,,,,,,,,
,4079,-302.8106384277344,-301.2471923828125,-1563.435302734375,19,,,,,,,,,,,,,
0.001,4099,,,,,,,,,,,,,,,,,
,4099,-308.097900390625,-306.4331970214844,-1664.70654296875,19,,,,,,,,,,,,,
0.001,4119,,,,,,,,,,,,,,,,,
,4119,-124.37481689453125,-123.42344665527344,-951.3699340820312,19,,,,,,,,,,,,,
0.001,4139,,,,,,,,,,,,,,,,,
,4139,-111.63196563720703,-110.27192687988281,-1360.03662109375,19,,,,,,,,,,,,,
0.001,4159,,,,,,,,,,,,,,,,,
,4159,-131.4022216796875,-130.40887451171875,-993.34619140625,19,,,,,,,,,,,,,
,4159,,,,19,-7870.01123046875,-7828.99462890625,-41016.5234375,37.08875274658203,,,,,,,,,
0.001,4179,,,,,,,,,,,,,,,,,
,4179,-166.77392578125,-165.61697387695312,-1156.955322265625,20,,,,,,,,,,,,,
0.001,4199,,,,,,,,,,,,,,,,,
,4199,-303.091796875,-301.75750732421875,-1334.3017578125,20,,,,,,,,,,,,,
0.001,4219,,,,,,,,,,,,,,,,,
,4219,-150.8301544189453,-149.525390625,-1304.756591796875,20,,,,,,,,,,,,,
0.001,4239,,,,,,,,,,,,,,,,,
,4239,-43.36128616333008,-42.0710563659668,-1290.2303466796875,20,,,,,,,,,,,,,
0.001,4259,,,,,,,,,,,,,,,,,
,4259,-276.9678955078125,-275.7027587890625,-1265.150146484375,20,,,,,,,,,,,,,
,4263,,,,20,-7989.5146484375,-7946.111328125,-43403.31640625,36.9854736328125,,,,,,,,,
0.001,4279,,,,,,,,,,,,,,,,,
,4279,-237.57931518554688,-236.0426025390625,-1536.706298828125,20,,,,,,,,,,,,,
0.001,4299,,,,,,,,,,,,,,,,,
,4299,-435.6938171386719,-434.147216796875,-1546.58984375,20,,,,,,,,,,,,,
0.001,4319,,,,,,,,,,,,,,,,,
,4319,-34.42124557495117,-33.35211944580078,-1069.125244140625,20,,,,,,,,,,,,,
0.001,4339,,,,,,,,,,,,,,,,,
,4339,-244.53939819335938,-243.05494689941406,-1484.456298828125,20,,,,,,,,,,,,,
0.001,4359,,,,,,,,,,,,,,,,,
,4359,-293.51788330078125,-292.30120849609375,-1216.6856689453125,20,,,,,,,,,,,,,
,4367,,,,20,-7955.16796875,-7913.7470703125,-41421.390625,37.11308288574219,,,,,,,,,
0.001,4379,,,,,,,,,,,,,,,,,
,4379,-214.39247131347656,-213.09854125976562,-1293.934814453125,21,,,,,,,,,,,,,
0.001,4399,,,,,,,,,,,,,,,,,
,4399,-357.0620422363281,-355.46014404296875,-1601.88330078125,21,,,,,,,,,,,,,
0.001,4419,,,,,,,,,,,,,,,,,
,4419,-174.8730010986328,-173.52322387695312,-1349.773681640625,21,,,,,,,,,,,,,
0.001,4439,,,,,,,,,,,,,,,,,
,4439,-123.0401840209961,-121.74551391601562,-1294.6728515625,21,,,,,,,,,,,,,
0.001,4459,,,,,,,,,,,,,,,,,
,4459,-311.29718017578125,-309.8028259277344,-1494.3594970703125,21,,,,,,,,,,,,,
,4471,,,,21,-7987.333984375,-7944.00048828125,-43333.16796875,37.00135040283203,,,,,,,,,
0.001,4479,,,,,,,,,,,,,,,,,
,4479,-212.1622772216797,-210.78768920898438,-1374.5953369140625,21,,,,,,,,,,,,,
0.001,4499,,,,,,,,,,,,,,,,,
,4499,-105.44281005859375,-104.12750244140625,-1315.311279296875,21,,,,,,,,,,,,,
0.001,4519,,,,,,,,,,,,,,,,,
,4519,-345.0137634277344,-343.6414794921875,-1372.291015625,21,,,,,,,,,,,,,
0.001,4539,,,,,,,,,,,,,,,,,
,4539,-355.8833312988281,-354.1997985839844,-1683.5367431640625,21,,,,,,,,,,,,,
0.001,4559,,,,,,,,,,,,,,,,,
,4559,-257.37835693359375,-256.0016174316406,-1376.7376708984375,21,,,,,,,,,,,,,
,4575,,,,21,-7915.0947265625,-7873.80322265625,-41292.359375,37.04994583129883,,,,,,,,,
0.001,4579,,,,,,,,,,,,,,,,,
,4579,-295.7805480957031,-294.45172119140625,-1328.841064453125,22,,,,,,,,,,,,,
0.001,4599,,,,,,,,,,,,,,,,,
,4599,-320.5345764160156,-319.1769714355469,-1357.599853515625,22,,,,,,,,,,,,,
0.001,4619,,,,,,,,,,,,,,,,,
,4619,-391.704833984375,-390.22552490234375,-1479.30712890625,22,,,,,,,,,,,,,
0.001,4639,,,,,,,,,,,,,,,,,
,4639,-192.2818603515625,-191.05172729492188,-1230.137939453125,22,,,,,,,,,,,,,
0.001,4659,,,,,,,,,,,,,,,,,
,4659,-239.50405883789062,-237.76406860351562,-1739.994873046875,22,,,,,,,,,,,,,
0.001,4679,,,,,,,,,,,,,,,,,
,4679,-209.7959747314453,-208.511474609375,-1284.501220703125,22,,,,,,,,,,,,,
,4679,,,,22,-8025.96630859375,-7983.0546875,-42911.54296875,37.02909851074219,,,,,,,,,
0.001,4699,,,,,,,,,,,,,,,,,
,4699,-98.9992446899414,-97.80379486083984,-1195.4510498046875,22,,,,,,,,,,,,,
0.001,4719,,,,,,,,,,,,,,,,,
,4719,-217.04908752441406,-215.62298583984375,-1426.0977783203125,22,,,,,,,,,,,,,
0.001,4739,,,,,,,,,,,,,,,,,
,4739,-332.35357666015625,-330.63299560546875,-1720.5726318359375,22,,,,,,,,,,,,,
0.001,4759,,,,,,,,,,,,,,,,,
,4759,-190.9261932373047,-189.77041625976562,-1155.781494140625,22,,,,,,,,,,,,,
0.001,4779,,,,,,,,,,,,,,,,,
,4779,-286.8068542480469,-285.2859802246094,-1520.862060546875,22,,,,,,,,,,,,,
,4783,,,,22,-7978.08203125,-7936.8408203125,-41241.6484375,37.12467956542969,,,,,,,,,
0.001,4799,,,,,,,,,,,,,,,,,
,4799,-73.57195281982422,-72.33856201171875,-1233.388916015625,23,,,,,,,,,,,,,
0.001,4819,,,,,,,,,,,,,,,,,
,4819,-278.9053039550781,-277.5304260253906,-1374.869873046875,23,,,,,,,,,,,,,
0.001,4839,,,,,,,,,,,,,,,,,
,4839,-91.44778442382812,-90.26203155517578,-1185.754638671875,23,,,,,,,,,,,,,
0.001,4859,,,,,,,,,,,,,,,,,
,4859,-291.3316345214844,-289.67340087890625,-1658.2294921875,23,,,,,,,,,,,,,
0.001,4879,,,,,,,,,,,,,,,,,
,4879,-149.87115478515625,-148.44918823242188,-1421.9659423828125,23,,,,,,,,,,,,,
,4887,,,,23,-8005.1513671875,-7962.24951171875,-42901.83984375,37.00985336303711,,,,,,,,,
0.001,4899,,,,,,,,,,,,,,,,,
,4899,-78.49254608154297,-77.10253143310547,-1390.018310546875,23,,,,,,,,,,,,,
0.001,4919,,,,,,,,,,,,,,,,,
,4919,-179.95896911621094,-178.84942626953125,-1109.53564453125,23,,,,,,,,,,,,,
0.001,4939,,,,,,,,,,,,,,,,,
,4939,-266.4210510253906,-264.74176025390625,-1679.305419921875,23,,,,,,,,,,,,,
0.001,4959,,,,,,,,,,,,,,,,,
,4959,-272.7703552246094,-271.1741943359375,-1596.167236328125,23,,,,,,,,,,,,,
0.001,4979,,,,,,,,,,,,,,,,,
,4979,-286.0817565917969,-284.72674560546875,-1355.01416015625,23,,,,,,,,,,,,,
,4991,,,,23,-7999.98046875,-7958.59814453125,-41381.92578125,37.05807113647461,,,,,,,,,
0.001,4999,,,,,,,,,,,,,,,,,
,4999,-93.60315704345703,-92.18829345703125,-1414.863037109375,24,,,,,,,,,,,,,
0.001,5019,,,,,,,,,,,,,,,,,
,5019,-330.26654052734375,-328.6851501464844,-1581.3929443359375,24,,,,,,,,,,,,,
0.001,5039,,,,,,,,,,,,,,,,,
,5039,-285.16082763671875,-283.7067565917969,-1454.0755615234375,24,,,,,,,,,,,,,
0.001,5059,,,,,,,,,,,,,,,,,
,5059,-362.0735168457031,-360.31463623046875,-1758.8812255859375,24,,,,,,,,,,,,,
0.001,5079,,,,,,,,,,,,,,,,,
,5079,-254.16514587402344,-252.67630004882812,-1488.84228515625,24,,,,,,,,,,,,,
,5095,,,,24,-8029.46337890625,-7986.72216796875,-42740.98046875,36.99304962158203,,,,,,,,,
0.001,5099,,,,,,,,,,,,,,,,,
,5099,-146.32928466796875,-144.95318603515625,-1376.099365234375,24,,,,,,,,,,,,,
0.001,5119,,,,,,,,,,,,,,,,,
,5119,-293.93743896484375,-292.37322998046875,-1564.220703125,24,,,,,,,,,,,,,
0.001,5139,,,,,,,,,,,,,,,,,
,5139,-332.1195983886719,-330.48760986328125,-1631.999755859375,24,,,,,,,,,,,,,
0.001,5159,,,,,,,,,,,,,,,,,
,5159,-133.3864288330078,-132.45223999023438,-934.1867065429688,24,,,,,,,,,,,,,
0.001,5179,,,,,,,,,,,,,,,,,
,5179,-135.49752807617188,-134.14247131347656,-1355.05859375,24,,,,,,,,,,,,,
0.001,5199,,,,,,,,,,,,,,,,,
,5199,-134.88388061523438,-133.91424560546875,-969.6317138671875,24,,,,,,,,,,,,,
,5199,,,,24,-7951.85693359375,-7911.041015625,-40817.17578125,37.06953430175781,,,,,,,,,
0.001,5219,,,,,,,,,,,,,,,,,
,5219,-178.51016235351562,-177.32846069335938,-1181.694091796875,25,,,,,,,,,,,,,
0.001,5239,,,,,,,,,,,,,,,,,
,5239,-309.38922119140625,-308.0457458496094,-1343.4619140625,25,,,,,,,,,,,,,
0.001,5259,,,,,,,,,,,,,,,,,
,5259,-156.42779541015625,-155.14096069335938,-1286.8345947265625,25,,,,,,,,,,,,,
0.001,5279,,,,,,,,,,,,,,,,,
,5279,-22.86627197265625,-21.602306365966797,-1263.965087890625,25,,,,,,,,,,,,,
0.001,5299,,,,,,,,,,,,,,,,,
,5299,-292.77545166015625,-291.5294189453125,-1246.0399169921875,25,,,,,,,,,,,,,
,5303,,,,25,-8045.0224609375,-8001.9072265625,-43115.32421875,36.9819221496582,,,,,,,,,
0.001,5319,,,,,,,,,,,,,,,,,
,5319,-235.1875,-233.64251708984375,-1544.98583984375,25,,,,,,,,,,,,,
0.001,5339,,,,,,,,,,,,,,,,,
,5339,-430.64422607421875,-429.0755615234375,-1568.6639404296875,25,,,,,,,,,,,,,
0.001,5359,,,,,,,,,,,,,,,,,
,5359,-30.105091094970703,-29.043373107910156,-1061.71728515625,25,,,,,,,,,,,,,
0.001,5379,,,,,,,,,,,,,,,,,
,5379,-248.3286895751953,-246.81996154785156,-1508.7266845703125,25,,,,,,,,,,,,,
0.001,5399,,,,,,,,,,,,,,,,,
,5399,-294.0776672363281,-292.85760498046875,-1220.05859375,25,,,,,,,,,,,,,
,5407,,,,25,-7979.240234375,-7937.79541015625,-41446.02734375,37.07209014892578,,,,,,,,,
0.001,5419,,,,,,,,,,,,,,,,,
,5419,-177.7031707763672,-176.4546356201172,-1248.52978515625,26,,,,,,,,,,,,,
0.001,5439,,,,,,,,,,,,,,,,,
,5439,-362.4100036621094,-360.80780029296875,-1602.189453125,26,,,,,,,,,,,,,
0.001,5459,,,,,,,,,,,,,,,,,
,5459,-157.88726806640625,-156.54714965820312,-1340.11865234375,26,,,,,,,,,,,,,
0.001,5479,,,,,,,,,,,,,,,,,
,5479,-137.13385009765625,-135.83932495117188,-1294.5260009765625,26,,,,,,,,,,,,,
0.001,5499,,,,,,,,,,,,,,,,,
,5499,-313.1710510253906,-311.6907958984375,-1480.267822265625,26,,,,,,,,,,,,,
,5511,,,,26,-8044.83740234375,-8001.8203125,-43017.26171875,36.96430587768555,,,,,,,,,
0.001,5519,,,,,,,,,,,,,,,,,
,5519,-207.65631103515625,-206.27322387695312,-1383.080810546875,26,,,,,,,,,,,,,
0.001,5539,,,,,,,,,,,,,,,,,
,5539,-117.95428466796875,-116.65238189697266,-1301.901611328125,26,,,,,,,,,,,,,
0.001,5559,,,,,,,,,,,,,,,,,
,5559,-379.0606384277344,-377.7005615234375,-1360.087158203125,26,,,,,,,,,,,,,
0.001,5579,,,,,,,,,,,,,,,,,
,5579,-350.16094970703125,-348.5057678222656,-1655.177734375,26,,,,,,,,,,,,,
0.001,5599,,,,,,,,,,,,,,,,,
,5599,-262.91943359375,-261.58447265625,-1334.970458984375,26,,,,,,,,,,,,,
,5615,,,,26,-7949.466796875,-7908.3212890625,-41145.21484375,37.025508880615234,,,,,,,,,
0.001,5619,,,,,,,,,,,,,,,,,
,5619,-307.2799377441406,-305.9549865722656,-1324.96435546875,27,,,,,,,,,,,,,
0.001,5639,,,,,,,,,,,,,,,,,
,5639,-305.1375427246094,-303.7731628417969,-1364.389404296875,27,,,,,,,,,,,,,
0.001,5659,,,,,,,,,,,,,,,,,
,5659,-413.1467590332031,-411.6146240234375,-1532.146240234375,27,,,,,,,,,,,,,
0.001,5679,,,,,,,,,,,,,,,,,
,5679,-201.3849334716797,-200.16232299804688,-1222.606201171875,27,,,,,,,,,,,,,
0.001,5699,,,,,,,,,,,,,,,,,
,5699,-271.0238952636719,-269.30755615234375,-1716.33837890625,27,,,,,,,,,,,,,
0.001,5719,,,,,,,,,,,,,,,,,
,5719,-187.51963806152344,-186.22592163085938,-1293.7166748046875,27,,,,,,,,,,,,,
,5719,,,,27,-8025.05078125,-7981.841796875,-43209.07421875,36.968101501464844,,,,,,,,,
0.001,5739,,,,,,,,,,,,,,,,,
,5739,-92.5393295288086,-91.33474731445312,-1204.581787109375,27,,,,,,,,,,,,,
0.001,5759,,,,,,,,,,,,,,,,,
,5759,-249.17404174804688,-247.75025939941406,-1423.775634765625,27,,,,,,,,,,,,,
0.001,5779,,,,,,,,,,,,,,,,,
,5779,-327.2035217285156,-325.4569091796875,-1746.609375,27,,,,,,,,,,,,,
0.001,5799,,,,,,,,,,,,,,,,,
,5799,-200.8792724609375,-199.74569702148438,-1133.571533203125,27,,,,,,,,,,,,,
0.001,5819,,,,,,,,,,,,,,,,,
,5819,-310.2056884765625,-308.7038269042969,-1501.85498046875,27,,,,,,,,,,,,,
,5823,,,,27,-7980.00439453125,-7938.818359375,-41185.8359375,37.15983200073242,,,,,,,,,
0.001,5839,,,,,,,,,,,,,,,,,
,5839,-50.01994705200195,-48.796817779541016,-1223.12939453125,28,,,,,,,,,,,,,
0.001,5859,,,,,,,,,,,,,,,,,
,5859,-297.6775207519531,-296.27850341796875,-1399.007568359375,28,,,,,,,,,,,,,
0.001,5879,,,,,,,,,,,,,,,,,
,5879,-111.58744049072266,-110.37442016601562,-1213.01904296875,28,,,,,,,,,,,,,
0.001,5899,,,,,,,,,,,,,,,,,
,5899,-306.2799377441406,-304.61029052734375,-1669.637939453125,28,,,,,,,,,,,,,
0.001,5919,,,,,,,,,,,,,,,,,
,5919,-184.76837158203125,-183.359130859375,-1409.2354736328125,28,,,,,,,,,,,,,
,5927,,,,28,-8056.44873046875,-8012.96826171875,-43480.37890625,36.91048812866211,,,,,,,,,
0.001,5939,,,,,,,,,,,,,,,,,
,5939,-85.80647277832031,-84.36925506591797,-1437.2213134765625,28,,,,,,,,,,,,,
0.001,5959,,,,,,,,,,,,,,,,,
,5959,-171.98069763183594,-170.84071350097656,-1139.986328125,28,,,,,,,,,,,,,
0.001,5979,,,,,,,,,,,,,,,,,
,5979,-253.0531005859375,-251.34552001953125,-1707.586181640625,28,,,,,,,,,,,,,
0.001,5999,,,,,,,,,,,,,,,,,
,5999,-287.13800048828125,-285.54931640625,-1588.6907958984375,28,,,,,,,,,,,,,
0.001,6019,,,,,,,,,,,,,,,,,
,6019,-301.9158020019531,-300.5534362792969,-1362.3787841796875,28,,,,,,,,,,,,,
,6031,,,,28,-7970.26904296875,-7929.02978515625,-41239.2265625,37.13302230834961,,,,,,,,,
0.001,6039,,,,,,,,,,,,,,,,,
,6039,-116.18805694580078,-114.77445983886719,-1413.594970703125,29,,,,,,,,,,,,,
0.001,6059,,,,,,,,,,,,,,,,,
,6059,-358.2123718261719,-356.62725830078125,-1585.1241455078125,29,,,,,,,,,,,,,
0.001,6079,,,,,,,,,,,,,,,,,
,6079,-325.90399169921875,-324.43218994140625,-1471.809814453125,29,,,,,,,,,,,,,
0.001,6099,,,,,,,,,,,,,,,,,
,6099,-369.88043212890625,-368.0860595703125,-1794.37548828125,29,,,,,,,,,,,,,
0.001,6119,,,,,,,,,,,,,,,,,
,6119,-243.70372009277344,-242.17613220214844,-1527.590087890625,29,,,,,,,,,,,,,
,6135,,,,29,-8062.66796875,-8019.50732421875,-43160.19921875,36.956520080566406,,,,,,,,,
0.001,6139,,,,,,,,,,,,,,,,,
,6139,-115.55279541015625,-114.1719970703125,-1380.801513671875,29,,,,,,,,,,,,,
0.001,6159,,,,,,,,,,,,,,,,,
,6159,-276.2897033691406,-274.7340087890625,-1555.6845703125,29,,,,,,,,,,,,,
0.001,6179,,,,,,,,,,,,,,,,,
,6179,-311.2174072265625,-309.567138671875,-1650.276123046875,29,,,,,,,,,,,,,
0.001,6199,,,,,,,,,,,,,,,,,
,6199,-128.8170166015625,-127.83744812011719,-979.5611572265625,29,,,,,,,,,,,,,
0.001,6219,,,,,,,,,,,,,,,,,
,6219,-126.34960174560547,-125.02259826660156,-1327.000732421875,29,,,,,,,,,,,,,
0.001,6239,,,,,,,,,,,,,,,,,
,6239,-125.98056030273438,-124.97731018066406,-1003.2503662109375,29,,,,,,,,,,,,,
,6239,,,,29,-7958.2734375,-7917.0537109375,-41219.390625,37.01468276977539,,,,,,,,,
0.001,6259,,,,,,,,,,,,,,,,,
,6259,-181.21612548828125,-180.04214477539062,-1173.982421875,30,,,,,,,,,,,,,
0.001,6279,,,,,,,,,,,,,,,,,
,6279,-292.3567199707031,-291.01300048828125,-1343.707763671875,30,,,,,,,,,,,,,
0.001,6299,,,,,,,,,,,,,,,,,
,6299,-146.28211975097656,-145.00265502929688,-1279.45947265625,30,,,,,,,,,,,,,
0.001,6319,,,,,,,,,,,,,,,,,
,6319,-39.816951751708984,-38.53370666503906,-1283.243896484375,30,,,,,,,,,,,,,
0.001,6339,,,,,,,,,,,,,,,,,
,6339,-283.4998779296875,-282.2666320800781,-1233.2608642578125,30,,,,,,,,,,,,,
,6343,,,,30,-8045.2197265625,-8001.54541015625,-43673.90625,36.95198059082031,,,,,,,,,
0.001,6359,,,,,,,,,,,,,,,,,
,6359,-226.58847045898438,-225.0153045654297,-1573.1605224609375,30,,,,,,,,,,,,,
0.001,6379,,,,,,,,,,,,,,,,,
,6379,-427.76483154296875,-426.2360534667969,-1528.78662109375,30,,,,,,,,,,,,,
0.001,6399,,,,,,,,,,,,,,,,,
,6399,-28.693838119506836,-27.637428283691406,-1056.4091796875,30,,,,,,,,,,,,,
0.001,6419,,,,,,,,,,,,,,,,,
,6419,-256.0598449707031,-254.5693359375,-1490.52294921875,30,,,,,,,,,,,,,
0.001,6439,,,,,,,,,,,,,,,,,
,6439,-278.5308532714844,-277.32330322265625,-1207.5562744140625,30,,,,,,,,,,,,,
,6447,,,,30,-7990.28076171875,-7949.40673828125,-40874.00390625,37.05402755737305,,,,,,,,,
0.001,6459,,,,,,,,,,,,,,,,,
,6459,-216.3494873046875,-215.0676727294922,-1281.821533203125,31,,,,,,,,,,,,,
0.001,6479,,,,,,,,,,,,,,,,,
,6479,-344.5844421386719,-343.0495910644531,-1534.8551025390625,31,,,,,,,,,,,,,
0.001,6499,,,,,,,,,,,,,,,,,
,6499,-179.1859588623047,-177.84591674804688,-1340.0479736328125,31,,,,,,,,,,,,,
0.001,6519,,,,,,,,,,,,,,,,,
,6519,-148.59927368164062,-147.31736755371094,-1281.900634765625,31,,,,,,,,,,,,,
0.001,6539,,,,,,,,,,,,,,,,,
,6539,-303.36016845703125,-301.8597717285156,-1500.4110107421875,31,,,,,,,,,,,,,
,6551,,,,31,-8049.14990234375,-8005.93505859375,-43214.57421875,36.93526077270508,,,,,,,,,
0.001,6559,,,,,,,,,,,,,,,,,
,6559,-219.67018127441406,-218.30209350585938,-1368.0823974609375,31,,,,,,,,,,,,,
0.001,6579,,,,,,,,,,,,,,,,,
,6579,-92.9466781616211,-91.68962860107422,-1257.0462646484375,31,,,,,,,,,,,,,
0.001,6599,,,,,,,,,,,,,,,,,
,6599,-368.4970703125,-367.1114501953125,-1385.6080322265625,31,,,,,,,,,,,,,
0.001,6619,,,,,,,,,,,,,,,,,
,6619,-352.06610107421875,-350.40411376953125,-1662.0009765625,31,,,,,,,,,,,,,
0.001,6639,,,,,,,,,,,,,,,,,
,6639,-220.99827575683594,-219.659423828125,-1338.859130859375,31,,,,,,,,,,,,,
,6655,,,,31,-7993.29931640625,-7952.47265625,-40826.0859375,37.08024215698242,,,,,,,,,
0.001,6659,,,,,,,,,,,,,,,,,
,6659,-327.6890563964844,-326.3961181640625,-1292.942626953125,32,,,,,,,,,,,,,
0.001,6679,,,,,,,,,,,,,,,,,
,6679,-323.4378967285156,-322.08697509765625,-1350.928955078125,32,,,,,,,,,,,,,
0.001,6699,,,,,,,,,,,,,,,,,
,6699,-403.6805725097656,-402.1834411621094,-1497.139892578125,32,,,,,,,,,,,,,
0.001,6719,,,,,,,,,,,,,,,,,
,6719,-184.2096710205078,-182.98272705078125,-1226.94873046875,32,,,,,,,,,,,,,
0.001,6739,,,,,,,,,,,,,,,,,
,6739,-222.6398468017578,-220.91708374023438,-1722.764892578125,32,,,,,,,,,,,,,
0.001,6759,,,,,,,,,,,,,,,,,
,6759,-180.95066833496094,-179.6666259765625,-1284.0372314453125,32,,,,,,,,,,,,,
,6759,,,,32,-8073.11767578125,-8030.2822265625,-42834.51171875,36.933349609375,,,,,,,,,
0.001,6779,,,,,,,,,,,,,,,,,
,6779,-108.15486907958984,-106.95225524902344,-1202.615478515625,32,,,,,,,,,,,,,
0.001,6799,,,,,,,,,,,,,,,,,
,6799,-232.0045166015625,-230.59396362304688,-1410.5506591796875,32,,,,,,,,,,,,,
0.001,6819,,,,,,,,,,,,,,,,,
,6819,-332.98309326171875,-331.24456787109375,-1738.533447265625,32,,,,,,,,,,,,,
0.001,6839,,,,,,,,,,,,,,,,,
,6839,-213.70651245117188,-212.5572509765625,-1149.260986328125,32,,,,,,,,,,,,,
0.001,6859,,,,,,,,,,,,,,,,,
,6859,-299.68988037109375,-298.1690673828125,-1520.812744140625,32,,,,,,,,,,,,,
,6863,,,,32,-7991.0185546875,-7949.50244140625,-41515.8046875,37.07855987548828,,,,,,,,,
0.001,6879,,,,,,,,,,,,,,,,,
,6879,-68.8393325805664,-67.57208251953125,-1267.250244140625,33,,,,,,,,,,,,,
0.001,6899,,,,,,,,,,,,,,,,,
,6899,-286.859619140625,-285.4888000488281,-1370.812744140625,33,,,,,,,,,,,,,
0.001,6919,,,,,,,,,,,,,,,,,
,6919,-112.15411376953125,-110.93291473388672,-1221.2021484375,33,,,,,,,,,,,,,
0.001,6939,,,,,,,,,,,,,,,,,
,6939,-253.38983154296875,-251.71107482910156,-1678.759765625,33,,,,,,,,,,,,,
0.001,6959,,,,,,,,,,,,,,,,,
,6959,-163.30905151367188,-161.89511108398438,-1413.9383544921875,33,,,,,,,,,,,,,
,6967,,,,33,-8076.322265625,-8033.09619140625,-43226.4453125,36.9213752746582,,,,,,,,,
0.001,6979,,,,,,,,,,,,,,,,,
,6979,-102.1274642944336,-100.76298522949219,-1364.477783203125,33,,,,,,,,,,,,,
0.001,6999,,,,,,,,,,,,,,,,,
,6999,-197.88771057128906,-196.78945922851562,-1098.253662109375,33,,,,,,,,,,,,,
0.001,7019,,,,,,,,,,,,,,,,,
,7019,-276.4482116699219,-274.7429504394531,-1705.2470703125,33,,,,,,,,,,,,,
0.001,7039,,,,,,,,,,,,,,,,,
,7039,-305.72344970703125,-304.13238525390625,-1591.061279296875,33,,,,,,,,,,,,,
0.001,7059,,,,,,,,,,,,,,,,,
,7059,-277.1530456542969,-275.8199462890625,-1333.095947265625,33,,,,,,,,,,,,,
,7071,,,,33,-8006.88916015625,-7965.9619140625,-40927.53515625,37.068031311035156,,,,,,,,,
0.001,7079,,,,,,,,,,,,,,,,,
,7079,-94.25386810302734,-92.84895324707031,-1404.913330078125,34,,,,,,,,,,,,,
0.001,7099,,,,,,,,,,,,,,,,,
,7099,-340.37286376953125,-338.81671142578125,-1556.1422119140625,34,,,,,,,,,,,,,
0.001,7119,,,,,,,,,,,,,,,,,
,7119,-287.28887939453125,-285.824462890625,-1464.420166015625,34,,,,,,,,,,,,,
0.001,7139,,,,,,,,,,,,,,,,,
,7139,-384.6252136230469,-382.83917236328125,-1786.0302734375,34,,,,,,,,,,,,,
0.001,7159,,,,,,,,,,,,,,,,,
,7159,-297.2030334472656,-295.67877197265625,-1524.2698974609375,34,,,,,,,,,,,,,
,7175,,,,34,-8091.82421875,-8048.72509765625,-43098.69140625,36.86924362182617,,,,,,,,,
0.001,7179,,,,,,,,,,,,,,,,,
,7179,-107.09864044189453,-105.70870971679688,-1389.92724609375,34,,,,,,,,,,,,,
0.001,7199,,,,,,,,,,,,,,,,,
,7199,-303.3277587890625,-301.747314453125,-1580.446044921875,34,,,,,,,,,,,,,
0.001,7219,,,,,,,,,,,,,,,,,
,7219,-289.0893249511719,-287.4215393066406,-1667.7972412109375,34,,,,,,,,,,,,,
0.001,7239,,,,,,,,,,,,,,,,,
,7239,-141.70285034179688,-140.75457763671875,-948.2742919921875,34,,,,,,,,,,,,,
0.001,7259,,,,,,,,,,,,,,,,,
,7259,-149.20445251464844,-147.88174438476562,-1322.7056884765625,34,,,,,,,,,,,,,
0.001,7279,,,,,,,,,,,,,,,,,
,7279,-127.74317932128906,-126.77131652832031,-971.863037109375,34,,,,,,,,,,,,,
,7279,,,,34,-8036.8056640625,-7995.78955078125,-41015.88671875,37.04302978515625,,,,,,,,,
0.001,7299,,,,,,,,,,,,,,,,,
,7299,-178.5794677734375,-177.39852905273438,-1180.9351806640625,35,,,,,,,,,,,,,
0.001,7319,,,,,,,,,,,,,,,,,
,7319,-316.1252136230469,-314.80377197265625,-1321.432861328125,35,,,,,,,,,,,,,
0.001,7339,,,,,,,,,,,,,,,,,
,7339,-152.65101623535156,-151.35418701171875,-1296.831787109375,35,,,,,,,,,,,,,
0.001,7359,,,,,,,,,,,,,,,,,
,7359,-39.93526077270508,-38.642730712890625,-1292.53125,35,,,,,,,,,,,,,
0.001,7379,,,,,,,,,,,,,,,,,
,7379,-290.48223876953125,-289.2451477050781,-1237.101806640625,35,,,,,,,,,,,,,
,7383,,,,35,-8074.8701171875,-8032.01806640625,-42852.19140625,36.92597579956055,,,,,,,,,
0.001,7399,,,,,,,,,,,,,,,,,
,7399,-260.0021057128906,-258.43450927734375,-1567.609375,35,,,,,,,,,,,,,
0.001,7419,,,,,,,,,,,,,,,,,
,7419,-429.9040832519531,-428.3624267578125,-1541.6422119140625,35,,,,,,,,,,,,,
0.001,7439,,,,,,,,,,,,,,,,,
,7439,-49.66025161743164,-48.61817169189453,-1042.080078125,35,,,,,,,,,,,,,
0.001,7459,,,,,,,,,,,,,,,,,
,7459,-240.67816162109375,-239.16299438476562,-1515.168701171875,35,,,,,,,,,,,,,
0.001,7479,,,,,,,,,,,,,,,,,
,7479,-278.22625732421875,-276.982421875,-1243.83154296875,35,,,,,,,,,,,,,
,7487,,,,35,-8014.64892578125,-7973.1806640625,-41467.9375,37.04391860961914,,,,,,,,,
0.001,7499,,,,,,,,,,,,,,,,,
,7499,-214.97659301757812,-213.7234344482422,-1253.151123046875,36,,,,,,,,,,,,,
0.001,7519,,,,,,,,,,,,,,,,,
,7519,-333.0323486328125,-331.44610595703125,-1586.244873046875,36,,,,,,,,,,,,,
0.001,7539,,,,,,,,,,,,,,,,,
,7539,-186.29531860351562,-184.94757080078125,-1347.749267578125,36,,,,,,,,,,,,,
0.001,7559,,,,,,,,,,,,,,,,,
,7559,-135.104248046875,-133.8148956298828,-1289.3533935546875,36,,,,,,,,,,,,,
0.001,7579,,,,,,,,,,,,,,,,,
,7579,-313.7604064941406,-312.2467041015625,-1513.7149658203125,36,,,,,,,,,,,,,
,7591,,,,36,-8135.89794921875,-8092.7294921875,-43168.35546875,36.908111572265625,,,,,,,,,
0.001,7599,,,,,,,,,,,,,,,,,
,7599,-225.091064453125,-223.70028686523438,-1390.7811279296875,36,,,,,,,,,,,,,
0.001,7619,,,,,,,,,,,,,,,,,
,7619,-95.17643737792969,-93.9139404296875,-1262.494140625,36,,,,,,,,,,,,,
0.001,7639,,,,,,,,,,,,,,,,,
,7639,-380.354248046875,-378.97247314453125,-1381.7857666015625,36,,,,,,,,,,,,,
0.001,7659,,,,,,,,,,,,,,,,,
,7659,-379.6357421875,-377.97564697265625,-1660.1094970703125,36,,,,,,,,,,,,,
0.001,7679,,,,,,,,,,,,,,,,,
,7679,-249.70457458496094,-248.3634796142578,-1341.099609375,36,,,,,,,,,,,,,
,7695,,,,36,-8023.77978515625,-7982.4052734375,-41374.33984375,37.01279830932617,,,,,,,,,
0.001,7699,,,,,,,,,,,,,,,,,
,7699,-320.8696594238281,-319.52288818359375,-1346.780517578125,37,,,,,,,,,,,,,
0.001,7719,,,,,,,,,,,,,,,,,
,7719,-308.0169372558594,-306.64483642578125,-1372.115234375,37,,,,,,,,,,,,,
0.001,7739,,,,,,,,,,,,,,,,,
,7739,-392.8755798339844,-391.3355712890625,-1540.020263671875,37,,,,,,,,,,,,,
0.001,7759,,,,,,,,,,,,,,,,,
,7759,-182.08407592773438,-180.84674072265625,-1237.337158203125,37,,,,,,,,,,,,,
0.001,7779,,,,,,,,,,,,,,,,,
,7779,-251.7906036376953,-250.05426025390625,-1736.3505859375,37,,,,,,,,,,,,,
0.001,7799,,,,,,,,,,,,,,,,,
,7799,-177.66326904296875,-176.348388671875,-1314.876220703125,37,,,,,,,,,,,,,
,7799,,,,37,-8080.90283203125,-8037.8818359375,-43020.64453125,36.894691467285156,,,,,,,,,
0.001,7819,,,,,,,,,,,,,,,,,
,7819,-101.1541519165039,-99.92754364013672,-1226.6080322265625,37,,,,,,,,,,,,,
0.001,7839,,,,,,,,,,,,,,,,,
,7839,-236.33529663085938,-234.9122314453125,-1423.067626953125,37,,,,,,,,,,,,,
0.001,7859,,,,,,,,,,,,,,,,,
,7859,-308.5091857910156,-306.77911376953125,-1730.08544921875,37,,,,,,,,,,,,,
0.001,7879,,,,,,,,,,,,,,,,,
,7879,-218.3925323486328,-217.250732421875,-1141.802490234375,37,,,,,,,,,,,,,
0.001,7899,,,,,,,,,,,,,,,,,
,7899,-284.6160888671875,-283.1153564453125,-1500.7271728515625,37,,,,,,,,,,,,,
,7903,,,,37,-7979.06640625,-7938.1982421875,-40868.02734375,36.960941314697266,,,,,,,,,
0.001,7919,,,,,,,,,,,,,,,,,
,7919,-69.99343872070312,-68.73314666748047,-1260.2916259765625,38,,,,,,,,,,,,,
0.001,7939,,,,,,,,,,,,,,,,,
,7939,-308.5087585449219,-307.0978698730469,-1410.888671875,38,,,,,,,,,,,,,
0.001,7959,,,,,,,,,,,,,,,,,
,7959,-137.8529510498047,-136.64120483398438,-1211.7490234375,38,,,,,,,,,,,,,
0.001,7979,,,,,,,,,,,,,,,,,
,7979,-284.1758117675781,-282.49652099609375,-1679.287109375,38,,,,,,,,,,,,,
0.001,7999,,,,,,,,,,,,,,,,,
,7999,-161.91195678710938,-160.50689697265625,-1405.0572509765625,38,,,,,,,,,,,,,
,8007,,,,38,-8092.80908203125,-8049.875,-42933.53515625,36.899959564208984,,,,,,,,,
0.001,8019,,,,,,,,,,,,,,,,,
,8019,-108.703857421875,-107.31771850585938,-1386.135498046875,38,,,,,,,,,,,,,
0.001,8039,,,,,,,,,,,,,,,,,
,8039,-203.92788696289062,-202.82949829101562,-1098.395263671875,38,,,,,,,,,,,,,
0.001,8059,,,,,,,,,,,,,,,,,
,8059,-295.3476867675781,-293.64178466796875,-1705.913330078125,38,,,,,,,,,,,,,
0.001,8079,,,,,,,,,,,,,,,,,
,8079,-301.4736633300781,-299.89434814453125,-1579.307373046875,38,,,,,,,,,,,,,
0.001,8099,,,,,,,,,,,,,,,,,
,8099,-288.0593566894531,-286.7081604003906,-1351.184814453125,38,,,,,,,,,,,,,
,8111,,,,38,-8073.65380859375,-8032.1708984375,-41483.22265625,37.07380676269531,,,,,,,,,
0.001,8119,,,,,,,,,,,,,,,,,
,8119,-98.74282836914062,-97.3619155883789,-1380.915283203125,39,,,,,,,,,,,,,
0.001,8139,,,,,,,,,,,,,,,,,
,8139,-358.7291564941406,-357.1336669921875,-1595.4774169921875,39,,,,,,,,,,,,,
0.001,8159,,,,,,,,,,,,,,,,,
,8159,-306.0924377441406,-304.6098327636719,-1482.6058349609375,39,,,,,,,,,,,,,
0.001,8179,,,,,,,,,,,,,,,,,
,8179,-379.2474670410156,-377.4188232421875,-1828.642333984375,39,,,,,,,,,,,,,
0.001,8199,,,,,,,,,,,,,,,,,
,8199,-274.7847900390625,-273.284423828125,-1500.36279296875,39,,,,,,,,,,,,,
,8215,,,,39,-8152.0576171875,-8108.8037109375,-43253.69140625,36.87324142456055,,,,,,,,,
0.001,8219,,,,,,,,,,,,,,,,,
,8219,-104.1089096069336,-102.73540496826172,-1373.5048828125,39,,,,,,,,,,,,,
0.001,8239,,,,,,,,,,,,,,,,,
,8239,-293.0065002441406,-291.4381103515625,-1568.381591796875,39,,,,,,,,,,,,,
0.001,8259,,,,,,,,,,,,,,,,,
,8259,-351.70916748046875,-350.0502624511719,-1658.918701171875,39,,,,,,,,,,,,,
0.001,8279,,,,,,,,,,,,,,,,,
,8279,-121.76299285888672,-120.80722045898438,-955.77587890625,39,,,,,,,,,,,,,
0.001,8299,,,,,,,,,,,,,,,,,
,8299,-140.62335205078125,-139.2548828125,-1368.4744873046875,39,,,,,,,,,,,,,
0.001,8319,,,,,,,,,,,,,,,,,
,8319,-117.68543243408203,-116.70752716064453,-977.9019775390625,39,,,,,,,,,,,,,
,8319,,,,39,-8062.3408203125,-8021.17431640625,-41166.55859375,37.022010803222656,,,,,,,,,
0.001,8339,,,,,,,,,,,,,,,,,
,8339,-181.49246215820312,-180.31048583984375,-1181.968994140625,40,,,,,,,,,,,,,
0.001,8359,,,,,,,,,,,,,,,,,
,8359,-322.9002380371094,-321.54937744140625,-1350.8660888671875,40,,,,,,,,,,,,,
0.001,8379,,,,,,,,,,,,,,,,,
,8379,-177.4971466064453,-176.1690673828125,-1328.0816650390625,40,,,,,,,,,,,,,
0.001,8399,,,,,,,,,,,,,,,,,
,8399,-47.507408142089844,-46.201393127441406,-1306.013671875,40,,,,,,,,,,,,,
0.001,8419,,,,,,,,,,,,,,,,,
,8419,-287.4548034667969,-286.2242431640625,-1230.5487060546875,40,,,,,,,,,,,,,
,8423,,,,40,-8124.08642578125,-8080.98583984375,-43100.04296875,36.86251449584961,,,,,,,,,
0.001,8439,,,,,,,,,,,,,,,,,
,8439,-277.1618957519531,-275.6231994628906,-1538.7037353515625,40,,,,,,,,,,,,,
0.001,8459,,,,,,,,,,,,,,,,,
,8459,-428.59033203125,-427.0504455566406,-1539.888427734375,40,,,,,,,,,,,,,
0.001,8479,,,,,,,,,,,,,,,,,
,8479,-48.97984313964844,-47.9151725769043,-1064.6689453125,40,,,,,,,,,,,,,
0.001,8499,,,,,,,,,,,,,,,,,
,8499,-218.43548583984375,-216.91175842285156,-1523.720947265625,40,,,,,,,,,,,,,
0.001,8519,,,,,,,,,,,,,,,,,
,8519,-302.4510192871094,-301.2408752441406,-1210.140380859375,40,,,,,,,,,,,,,
,8527,,,,40,-8077.8134765625,-8036.28955078125,-41523.15234375,37.01462936401367,,,,,,,,,
0.001,8539,,,,,,,,,,,,,,,,,
,8539,-216.3665008544922,-215.08392333984375,-1282.5740966796875,41,,,,,,,,,,,,,
0.001,8559,,,,,,,,,,,,,,,,,
,8559,-350.543212890625,-348.95751953125,-1585.6885986328125,41,,,,,,,,,,,,,
0.001,8579,,,,,,,,,,,,,,,,,
,8579,-206.5047149658203,-205.14874267578125,-1355.96484375,41,,,,,,,,,,,,,
0.001,8599,,,,,,,,,,,,,,,,,
,8599,-138.4690399169922,-137.1922607421875,-1276.776123046875,41,,,,,,,,,,,,,
0.001,8619,,,,,,,,,,,,,,,,,
,8619,-316.1571960449219,-314.6868591308594,-1470.3480224609375,41,,,,,,,,,,,,,
,8631,,,,41,-8115.0439453125,-8072.25830078125,-42786.0,36.911808013916016,,,,,,,,,
0.001,8639,,,,,,,,,,,,,,,,,
,8639,-233.88963317871094,-232.541748046875,-1347.884521484375,41,,,,,,,,,,,,,
0.001,8659,,,,,,,,,,,,,,,,,
,8659,-101.31278991699219,-100.01455688476562,-1298.231689453125,41,,,,,,,,,,,,,
0.001,8679,,,,,,,,,,,,,,,,,
,8679,-348.7443542480469,-347.35943603515625,-1384.912109375,41,,,,,,,,,,,,,
0.001,8699,,,,,,,,,,,,,,,,,
,8699,-383.4796447753906,-381.82000732421875,-1659.635986328125,41,,,,,,,,,,,,,
0.001,8719,,,,,,,,,,,,,,,,,
,8719,-274.50750732421875,-273.1708679199219,-1336.62890625,41,,,,,,,,,,,,,
,8735,,,,41,-8125.10986328125,-8083.783203125,-41326.875,37.01432418823242,,,,,,,,,
0.001,8739,,,,,,,,,,,,,,,,,
,8739,-297.0960693359375,-295.7630920410156,-1332.9873046875,42,,,,,,,,,,,,,
0.001,8759,,,,,,,,,,,,,,,,,
,8759,-302.7273864746094,-301.3515625,-1375.8095703125,42,,,,,,,,,,,,,
0.001,8779,,,,,,,,,,,,,,,,,
,8779,-390.25439453125,-388.7371826171875,-1517.2156982421875,42,,,,,,,,,,,,,
0.001,8799,,,,,,,,,,,,,,,,,
,8799,-220.9621124267578,-219.72145080566406,-1240.65625,42,,,,,,,,,,,,,
0.001,8819,,,,,,,,,,,,,,,,,
,8819,-274.3105773925781,-272.5693664550781,-1741.22265625,42,,,,,,,,,,,,,
0.001,8839,,,,,,,,,,,,,,,,,
,8839,-194.61778259277344,-193.32058715820312,-1297.1961669921875,42,,,,,,,,,,,,,
,8839,,,,42,-8124.783203125,-8081.80322265625,-42980.1875,36.847496032714844,,,,,,,,,
0.001,8859,,,,,,,,,,,,,,,,,
,8859,-114.93404388427734,-113.70861053466797,-1225.435791015625,42,,,,,,,,,,,,,
0.001,8879,,,,,,,,,,,,,,,,,
,8879,-233.87342834472656,-232.442138671875,-1431.286376953125,42,,,,,,,,,,,,,
0.001,8899,,,,,,,,,,,,,,,,,
,8899,-317.2645568847656,-315.54052734375,-1724.0184326171875,42,,,,,,,,,,,,,
0.001,8919,,,,,,,,,,,,,,,,,
,8919,-209.35037231445312,-208.18893432617188,-1161.444091796875,42,,,,,,,,,,,,,
0.001,8939,,,,,,,,,,,,,,,,,
,8939,-292.8350524902344,-291.32867431640625,-1506.368896484375,42,,,,,,,,,,,,,
,8943,,,,42,-8080.2255859375,-8038.9609375,-41264.69140625,37.04765701293945,,,,,,,,,
0.001,8959,,,,,,,,,,,,,,,,,
,8959,-62.74677276611328,-61.49773406982422,-1249.038330078125,43,,,,,,,,,,,,,
0.001,8979,,,,,,,,,,,,,,,,,
,8979,-294.8720397949219,-293.47869873046875,-1393.354736328125,43,,,,,,,,,,,,,
0.001,8999,,,,,,,,,,,,,,,,,
,8999,-126.89901733398438,-125.69610595703125,-1202.9139404296875,43,,,,,,,,,,,,,
0.001,9019,,,,,,,,,,,,,,,,,
,9019,-308.814208984375,-307.1163635253906,-1697.843017578125,43,,,,,,,,,,,,,
0.001,9039,,,,,,,,,,,,,,,,,
,9039,-196.64720153808594,-195.24240112304688,-1404.797119140625,43,,,,,,,,,,,,,
,9047,,,,43,-8127.3310546875,-8084.3525390625,-42977.60546875,36.826271057128906,,,,,,,,,
0.001,9059,,,,,,,,,,,,,,,,,
,9059,-84.48310852050781,-83.11128234863281,-1371.82470703125,43,,,,,,,,,,,,,
0.001,9079,,,,,,,,,,,,,,,,,
,9079,-185.52169799804688,-184.4001922607422,-1121.505615234375,43,,,,,,,,,,,,,
0.001,9099,,,,,,,,,,,,,,,,,
,9099,-299.5411682128906,-297.81964111328125,-1721.5205078125,43,,,,,,,,,,,,,
0.001,9119,,,,,,,,,,,,,,,,,
,9119,-296.8786315917969,-295.26708984375,-1611.545654296875,43,,,,,,,,,,,,,
0.001,9139,,,,,,,,,,,,,,,,,
,9139,-304.5481872558594,-303.1998596191406,-1348.3125,43,,,,,,,,,,,,,
,9151,,,,43,-8054.29296875,-8013.3125,-40980.47265625,37.00946044921875,,,,,,,,,
0.001,9159,,,,,,,,,,,,,,,,,
,9159,-89.91360473632812,-88.5380859375,-1375.5172119140625,44,,,,,,,,,,,,,
0.001,9179,,,,,,,,,,,,,,,,,
,9179,-332.7582702636719,-331.1756896972656,-1582.5833740234375,44,,,,,,,,,,,,,
0.001,9199,,,,,,,,,,,,,,,,,
,9199,-294.7882385253906,-293.3052978515625,-1482.9476318359375,44,,,,,,,,,,,,,
0.001,9219,,,,,,,,,,,,,,,,,
,9219,-357.5959167480469,-355.84259033203125,-1753.3204345703125,44,,,,,,,,,,,,,
0.001,9239,,,,,,,,,,,,,,,,,
,9239,-293.1366882324219,-291.65277099609375,-1483.9322509765625,44,,,,,,,,,,,,,
,9255,,,,44,-8132.66748046875,-8090.03515625,-42632.6015625,36.835235595703125,,,,,,,,,
,9256,,,,39,,,,,-0.15471628308296204,36.96710205078125,0.07368443474783787,0.11799956113100052,0.1547162659689868,177.0768585205078,0.9493150065560428,113.756591796875,137.81793212890625
0.01,19,,,,,,,,,,,,,,,,,
,19,875.444580078125,874.5380859375,906.51416015625,0,,,,,,,,,,,,,
0.01,39,,,,,,,,,,,,,,,,,
,39,362.71856689453125,362.26031494140625,458.24432373046875,0,,,,,,,,,,,,,
0.01,59,,,,,,,,,,,,,,,,,
,59,87.68700408935547,87.70149230957031,-14.489225387573242,0,,,,,,,,,,,,,
0.01,79,,,,,,,,,,,,,,,,,
,79,212.00213623046875,212.20912170410156,-206.986328125,0,,,,,,,,,,,,,
0.01,99,,,,,,,,,,,,,,,,,
,99,722.044921875,722.1319580078125,-87.04039001464844,0,,,,,,,,,,,,,
,103,,,,0,-785.78125,-771.7655639648438,-14015.708984375,40.534019470214844,,,,,,,,,
0.01,119,,,,,,,,,,,,,,,,,
,119,174.2695770263672,174.67840576171875,-408.83233642578125,0,,,,,,,,,,,,,
0.01,139,,,,,,,,,,,,,,,,,
,139,-5.514516353607178,-4.9906463623046875,-523.869873046875,0,,,,,,,,,,,,,
0.01,159,,,,,,,,,,,,,,,,,
,159,157.81626892089844,158.149169921875,-332.90673828125,0,,,,,,,,,,,,,
0.01,179,,,,,,,,,,,,,,,,,
,179,122.69998931884766,123.20391845703125,-503.93280029296875,0,,,,,,,,,,,,,
0.01,199,,,,,,,,,,,,,,,,,
,199,-99.78215789794922,-99.14486694335938,-637.2943725585938,0,,,,,,,,,,,,,
,207,,,,0,-3387.40625,-3365.5361328125,-21869.84375,39.993770599365234,,,,,,,,,
0.01,219,,,,,,,,,,,,,,,,,
,219,25.665712356567383,26.240474700927734,-574.76220703125,1,,,,,,,,,,,,,
0.01,239,,,,,,,,,,,,,,,,,
,239,120.80183410644531,121.52381134033203,-721.9776000976562,1,,,,,,,,,,,,,
0.01,259,,,,,,,,,,,,,,,,,
,259,-48.18766403198242,-47.53159713745117,-656.0657958984375,1,,,,,,,,,,,,,
0.01,279,,,,,,,,,,,,,,,,,
,279,15.627386093139648,16.268484115600586,-641.0978393554688,1,,,,,,,,,,,,,
0.01,299,,,,,,,,,,,,,,,,,
,299,-140.39573669433594,-139.44674682617188,-948.99609375,1,,,,,,,,,,,,,
,311,,,,1,-5044.05126953125,-5017.873046875,-26178.1875,38.94269943237305,,,,,,,,,
0.01,319,,,,,,,,,,,,,,,,,
,319,-0.4357651472091675,0.13505935668945312,-570.824462890625,1,,,,,,,,,,,,,
0.01,339,,,,,,,,,,,,,,,,,
,339,46.28302764892578,47.07596969604492,-792.9410400390625,1,,,,,,,,,,,,,
0.01,359,,,,,,,,,,,,,,,,,
,359,-223.7466583251953,-222.8887939453125,-857.8616333007812,1,,,,,,,,,,,,,
0.01,379,,,,,,,,,,,,,,,,,
,379,-239.25010681152344,-238.26119995117188,-988.9068603515625,1,,,,,,,,,,,,,
0.01,399,,,,,,,,,,,,,,,,,
,399,-134.5455780029297,-133.7304229736328,-815.1475219726562,1,,,,,,,,,,,,,
,415,,,,1,-4824.42333984375,-4797.0283203125,-27395.359375,39.13161849975586,,,,,,,,,
0.01,419,,,,,,,,,,,,,,,,,
,419,-23.625587463378906,-22.93014144897461,-695.4469604492188,2,,,,,,,,,,,,,
0.01,439,,,,,,,,,,,,,,,,,
,439,-87.01547241210938,-86.0176773071289,-997.7982788085938,2,,,,,,,,,,,,,
0.01,459,,,,,,,,,,,,,,,,,
,459,-84.71095275878906,-83.86298370361328,-847.9667358398438,2,,,,,,,,,,,,,
0.01,479,,,,,,,,,,,,,,,,,
,479,-75.3746337890625,-74.30696105957031,-1067.675048828125,2,,,,,,,,,,,,,
0.01,499,,,,,,,,,,,,,,,,,
,499,-157.8982696533203,-156.83047485351562,-1067.788330078125,2,,,,,,,,,,,,,
0.01,519,,,,,,,,,,,,,,,,,
,519,-89.82803344726562,-88.86878967285156,-959.24365234375,2,,,,,,,,,,,,,
,519,,,,2,-5218.51904296875,-5189.85986328125,-28659.318359375,38.737125396728516,,,,,,,,,
0.01,539,,,,,,,,,,,,,,,,,
,539,12.538505554199219,13.382816314697266,-844.3104858398438,2,,,,,,,,,,,,,
0.01,559,,,,,,,,,,,,,,,,,
,559,-140.89743041992188,-139.8946990966797,-1002.73876953125,2,,,,,,,,,,,,,
0.01,579,,,,,,,,,,,,,,,,,
,579,-178.99649047851562,-177.63893127441406,-1357.560546875,2,,,,,,,,,,,,,
0.01,599,,,,,,,,,,,,,,,,,
,599,-71.49441528320312,-70.60099792480469,-893.4142456054688,2,,,,,,,,,,,,,
0.01,619,,,,,,,,,,,,,,,,,
,619,-219.1783905029297,-218.00808715820312,-1170.2978515625,2,,,,,,,,,,,,,
,623,,,,2,-6122.83154296875,-6090.67333984375,-32159.6953125,37.912784576416016,,,,,,,,,
0.01,639,,,,,,,,,,,,,,,,,
,639,-273.56365966796875,-272.4178466796875,-1145.81982421875,3,,,,,,,,,,,,,
0.01,659,,,,,,,,,,,,,,,,,
,659,-243.66641235351562,-242.59593200683594,-1070.47314453125,3,,,,,,,,,,,,,
0.01,679,,,,,,,,,,,,,,,,,
,679,-287.7111511230469,-286.5700988769531,-1141.066162109375,3,,,,,,,,,,,,,
0.01,699,,,,,,,,,,,,,,,,,
,699,-189.43360900878906,-188.3477325439453,-1085.8759765625,3,,,,,,,,,,,,,
0.01,719,,,,,,,,,,,,,,,,,
,719,-48.7777099609375,-47.876922607421875,-900.7882080078125,3,,,,,,,,,,,,,
,727,,,,3,-6290.47802734375,-6256.0498046875,-34428.546875,37.90670394897461,,,,,,,,,
0.01,739,,,,,,,,,,,,,,,,,
,739,110.07428741455078,111.09800720214844,-1023.7189331054688,3,,,,,,,,,,,,,
0.01,759,,,,,,,,,,,,,,,,,
,759,-110.02137756347656,-109.09209442138672,-929.283447265625,3,,,,,,,,,,,,,
0.01,779,,,,,,,,,,,,,,,,,
,779,-190.688232421875,-189.48233032226562,-1205.898193359375,3,,,,,,,,,,,,,
0.01,799,,,,,,,,,,,,,,,,,
,799,-184.68942260742188,-183.482666015625,-1206.760498046875,3,,,,,,,,,,,,,
0.01,819,,,,,,,,,,,,,,,,,
,819,-230.2274627685547,-228.9955596923828,-1231.900390625,3,,,,,,,,,,,,,
,831,,,,3,-6537.46533203125,-6504.18994140625,-33275.36328125,37.61376953125,,,,,,,,,
0.01,839,,,,,,,,,,,,,,,,,
,839,-67.5363540649414,-66.42015075683594,-1116.2012939453125,4,,,,,,,,,,,,,
0.01,859,,,,,,,,,,,,,,,,,
,859,-191.9669189453125,-190.7007293701172,-1266.1949462890625,4,,,,,,,,,,,,,
0.01,879,,,,,,,,,,,,,,,,,
,879,-189.33912658691406,-188.16969299316406,-1169.4404296875,4,,,,,,,,,,,,,
0.01,899,,,,,,,,,,,,,,,,,
,899,-131.50527954101562,-130.43614196777344,-1069.13037109375,4,,,,,,,,,,,,,
0.01,919,,,,,,,,,,,,,,,,,
,919,-250.5587921142578,-249.29632568359375,-1262.46337890625,4,,,,,,,,,,,,,
,935,,,,4,-6144.59375,-6111.01171875,-33581.73828125,37.54098892211914,,,,,,,,,
0.01,939,,,,,,,,,,,,,,,,,
,939,-61.944610595703125,-60.81343078613281,-1131.180419921875,4,,,,,,,,,,,,,
0.01,959,,,,,,,,,,,,,,,,,
,959,5.664782524108887,6.910743713378906,-1245.96142578125,4,,,,,,,,,,,,,
0.01,979,,,,,,,,,,,,,,,,,
,979,-184.9922332763672,-183.69288635253906,-1299.352294921875,4,,,,,,,,,,,,,
0.01,999,,,,,,,,,,,,,,,,,
,999,154.91519165039062,155.64288330078125,-727.6846313476562,4,,,,,,,,,,,,,
0.01,1019,,,,,,,,,,,,,,,,,
,1019,-67.31474304199219,-66.23544311523438,-1079.296630859375,4,,,,,,,,,,,,,
0.01,1039,,,,,,,,,,,,,,,,,
,1039,-66.00272369384766,-65.08778381347656,-914.941650390625,4,,,,,,,,,,,,,
,1039,,,,4,-6452.06103515625,-6416.03515625,-36025.41015625,38.23565673828125,,,,,,,,,
0.01,1059,,,,,,,,,,,,,,,,,
,1059,-90.79373931884766,-89.8360366821289,-957.704345703125,5,,,,,,,,,,,,,
0.01,1079,,,,,,,,,,,,,,,,,
,1079,-238.12435913085938,-236.9197998046875,-1204.558837890625,5,,,,,,,,,,,,,
0.01,1099,,,,,,,,,,,,,,,,,
,1099,-160.42372131347656,-159.4835205078125,-940.1978759765625,5,,,,,,,,,,,,,
0.01,1119,,,,,,,,,,,,,,,,,
,1119,-184.5429229736328,-183.228759765625,-1314.16796875,5,,,,,,,,,,,,,
0.01,1139,,,,,,,,,,,,,,,,,
,1139,322.5328674316406,323.72125244140625,-1188.3876953125,5,,,,,,,,,,,,,
,1143,,,,5,-5253.30078125,-5218.0087890625,-35292.18359375,37.30464553833008,,,,,,,,,
0.01,1159,,,,,,,,,,,,,,,,,
,1159,-110.41357421875,-109.22138214111328,-1192.1898193359375,5,,,,,,,,,,,,,
0.01,1179,,,,,,,,,,,,,,,,,
,1179,-331.4442138671875,-330.1606140136719,-1283.5965576171875,5,,,,,,,,,,,,,
0.01,1199,,,,,,,,,,,,,,,,,
,1199,16.678598403930664,17.631397247314453,-952.7982177734375,5,,,,,,,,,,,,,
0.01,1219,,,,,,,,,,,,,,,,,
,1219,-63.622840881347656,-62.47343063354492,-1149.411865234375,5,,,,,,,,,,,,,
0.01,1239,,,,,,,,,,,,,,,,,
,1239,-223.5050811767578,-222.38247680664062,-1122.610107421875,5,,,,,,,,,,,,,
,1247,,,,5,-7086.38818359375,-7050.28759765625,-36101.10546875,37.41770553588867,,,,,,,,,
0.01,1259,,,,,,,,,,,,,,,,,
,1259,-87.98837280273438,-86.75847625732422,-1229.8974609375,6,,,,,,,,,,,,,
0.01,1279,,,,,,,,,,,,,,,,,
,1279,-51.87236404418945,-50.535301208496094,-1337.06201171875,6,,,,,,,,,,,,,
0.01,1299,,,,,,,,,,,,,,,,,
,1299,-176.58584594726562,-175.52517700195312,-1060.669189453125,6,,,,,,,,,,,,,
0.01,1319,,,,,,,,,,,,,,,,,
,1319,-46.936668395996094,-45.85498809814453,-1081.6796875,6,,,,,,,,,,,,,
0.01,1339,,,,,,,,,,,,,,,,,
,1339,-261.3668212890625,-259.94891357421875,-1417.9034423828125,6,,,,,,,,,,,,,
,1351,,,,6,-6262.96875,-6226.388671875,-36579.80078125,37.18502426147461,,,,,,,,,
0.01,1359,,,,,,,,,,,,,,,,,
,1359,-86.5855712890625,-85.57335662841797,-1012.2117919921875,6,,,,,,,,,,,,,
0.01,1379,,,,,,,,,,,,,,,,,
,1379,-26.744121551513672,-25.55245018005371,-1191.6708984375,6,,,,,,,,,,,,,
0.01,1399,,,,,,,,,,,,,,,,,
,1399,-331.39373779296875,-330.0552673339844,-1338.4736328125,6,,,,,,,,,,,,,
0.01,1419,,,,,,,,,,,,,,,,,
,1419,-339.3979187011719,-337.9461669921875,-1451.755859375,6,,,,,,,,,,,,,
0.01,1439,,,,,,,,,,,,,,,,,
,1439,-160.1393585205078,-159.02859497070312,-1110.7642822265625,6,,,,,,,,,,,,,
,1455,,,,6,-6678.056640625,-6642.4306640625,-35625.80859375,38.51594161987305,,,,,,,,,
0.01,1459,,,,,,,,,,,,,,,,,
,1459,-60.343589782714844,-59.33733367919922,-1006.2546997070312,7,,,,,,,,,,,,,
0.01,1479,,,,,,,,,,,,,,,,,
,1479,-164.9318389892578,-163.66326904296875,-1268.56396484375,7,,,,,,,,,,,,,
0.01,1499,,,,,,,,,,,,,,,,,
,1499,-167.9195098876953,-166.83448791503906,-1085.020263671875,7,,,,,,,,,,,,,
0.01,1519,,,,,,,,,,,,,,,,,
,1519,-142.82521057128906,-141.4937744140625,-1331.438720703125,7,,,,,,,,,,,,,
0.01,1539,,,,,,,,,,,,,,,,,
,1539,-240.41380310058594,-239.14505004882812,-1268.75048828125,7,,,,,,,,,,,,,
0.01,1559,,,,,,,,,,,,,,,,,
,1559,-153.92543029785156,-152.6539306640625,-1271.5067138671875,7,,,,,,,,,,,,,
,1559,,,,7,-7032.3662109375,-6994.97705078125,-37388.2109375,37.1983642578125,,,,,,,,,
0.01,1579,,,,,,,,,,,,,,,,,
,1579,-65.3812026977539,-64.2604751586914,-1120.72607421875,7,,,,,,,,,,,,,
0.01,1599,,,,,,,,,,,,,,,,,
,1599,-200.0598602294922,-198.84829711914062,-1211.5606689453125,7,,,,,,,,,,,,,
0.01,1619,,,,,,,,,,,,,,,,,
,1619,-252.40159606933594,-250.77432250976562,-1627.277099609375,7,,,,,,,,,,,,,
0.01,1639,,,,,,,,,,,,,,,,,
,1639,-123.02445220947266,-122.05020904541016,-974.242431640625,7,,,,,,,,,,,,,
0.01,1659,,,,,,,,,,,,,,,,,
,1659,-277.93511962890625,-276.54339599609375,-1391.727294921875,7,,,,,,,,,,,,,
,1663,,,,7,-6769.73583984375,-6734.609375,-35126.578125,37.34353256225586,,,,,,,,,
0.001,1679,,,,,,,,,,,,,,,,,
,1679,-307.47406005859375,-306.1109619140625,-1363.1044921875,8,,,,,,,,,,,,,
0.001,1699,,,,,,,,,,,,,,,,,
,1699,-311.31787109375,-310.070556640625,-1247.303955078125,8,,,,,,,,,,,,,
0.001,1719,,,,,,,,,,,,,,,,,
,1719,-345.8797302246094,-344.4499816894531,-1429.76318359375,8,,,,,,,,,,,,,
0.001,1739,,,,,,,,,,,,,,,,,
,1739,-212.13941955566406,-210.91192626953125,-1227.498046875,8,,,,,,,,,,,,,
0.001,1759,,,,,,,,,,,,,,,,,
,1759,-115.66329193115234,-114.63343811035156,-1029.850341796875,8,,,,,,,,,,,,,
,1767,,,,8,-7651.818359375,-7613.203125,-38614.7421875,36.99379348754883,,,,,,,,,
0.001,1779,,,,,,,,,,,,,,,,,
,1779,65.30821228027344,66.48957824707031,-1181.3681640625,8,,,,,,,,,,,,,
0.001,1799,,,,,,,,,,,,,,,,,
,1799,-155.71017456054688,-154.61863708496094,-1091.54296875,8,,,,,,,,,,,,,
0.001,1819,,,,,,,,,,,,,,,,,
,1819,-240.19700622558594,-238.73306274414062,-1463.9404296875,8,,,,,,,,,,,,,
0.001,1839,,,,,,,,,,,,,,,,,
,1839,-222.05682373046875,-220.6082763671875,-1448.5509033203125,8,,,,,,,,,,,,,
0.001,1859,,,,,,,,,,,,,,,,,
,1859,-278.310546875,-276.9511413574219,-1359.392578125,8,,,,,,,,,,,,,
,1871,,,,8,-7778.537109375,-7739.99560546875,-38540.02734375,36.81922912597656,,,,,,,,,
0.001,1879,,,,,,,,,,,,,,,,,
,1879,-144.70021057128906,-143.4453125,-1254.903076171875,9,,,,,,,,,,,,,
0.001,1899,,,,,,,,,,,,,,,,,
,1899,-229.4014434814453,-227.95562744140625,-1445.81103515625,9,,,,,,,,,,,,,
0.001,1919,,,,,,,,,,,,,,,,,
,1919,-311.5403137207031,-310.07513427734375,-1465.17333984375,9,,,,,,,,,,,,,
0.001,1939,,,,,,,,,,,,,,,,,
,1939,-223.19798278808594,-221.98968505859375,-1208.295654296875,9,,,,,,,,,,,,,
0.001,1959,,,,,,,,,,,,,,,,,
,1959,-305.8619079589844,-304.3710632324219,-1490.8402099609375,9,,,,,,,,,,,,,
,1975,,,,9,-7725.2548828125,-7686.82080078125,-38434.41015625,36.9221305847168,,,,,,,,,
0.001,1979,,,,,,,,,,,,,,,,,
,1979,-107.2276840209961,-105.93372344970703,-1293.9617919921875,9,,,,,,,,,,,,,
0.001,1999,,,,,,,,,,,,,,,,,
,1999,-119.80965423583984,-118.42500305175781,-1384.6514892578125,9,,,,,,,,,,,,,
0.001,2019,,,,,,,,,,,,,,,,,
,2019,-274.49005126953125,-273.11810302734375,-1371.939453125,9,,,,,,,,,,,,,
0.001,2039,,,,,,,,,,,,,,,,,
,2039,96.51943969726562,97.42949676513672,-910.059326171875,9,,,,,,,,,,,,,
0.001,2059,,,,,,,,,,,,,,,,,
,2059,-119.8784408569336,-118.69300842285156,-1185.430908203125,9,,,,,,,,,,,,,
0.001,2079,,,,,,,,,,,,,,,,,
,2079,-84.71233367919922,-83.74334716796875,-968.98486328125,9,,,,,,,,,,,,,
,2079,,,,9,-7804.0810546875,-7765.06640625,-39014.171875,36.67647171020508,,,,,,,,,
0.001,2099,,,,,,,,,,,,,,,,,
,2099,-129.57391357421875,-128.55319213867188,-1020.7196044921875,10,,,,,,,,,,,,,
0.001,2119,,,,,,,,,,,,,,,,,
,2119,-275.9176025390625,-274.6368408203125,-1280.750244140625,10,,,,,,,,,,,,,
0.001,2139,,,,,,,,,,,,,,,,,
,2139,-179.00343322753906,-178.00717163085938,-996.2634887695312,10,,,,,,,,,,,,,
0.001,2159,,,,,,,,,,,,,,,,,
,2159,-180.5483856201172,-179.1425323486328,-1405.849365234375,10,,,,,,,,,,,,,
0.001,2179,,,,,,,,,,,,,,,,,
,2179,306.6756591796875,307.943603515625,-1267.9412841796875,10,,,,,,,,,,,,,
,2183,,,,10,-7755.9921875,-7717.22900390625,-38763.66015625,36.93903350830078,,,,,,,,,
0.001,2199,,,,,,,,,,,,,,,,,
,2199,-177.6898956298828,-176.3761444091797,-1313.7476806640625,10,,,,,,,,,,,,,
0.001,2219,,,,,,,,,,,,,,,,,
,2219,-392.1259460449219,-390.6844482421875,-1441.506103515625,10,,,,,,,,,,,,,
0.001,2239,,,,,,,,,,,,,,,,,
,2239,-18.21479606628418,-17.136260986328125,-1078.535888671875,10,,,,,,,,,,,,,
0.001,2259,,,,,,,,,,,,,,,,,
,2259,-151.98599243164062,-150.72799682617188,-1258.000244140625,10,,,,,,,,,,,,,
0.001,2279,,,,,,,,,,,,,,,,,
,2279,-273.2779541015625,-272.08209228515625,-1195.8497314453125,10,,,,,,,,,,,,,
,2287,,,,10,-7849.05419921875,-7809.8740234375,-39180.82421875,36.78107833862305,,,,,,,,,
0.001,2299,,,,,,,,,,,,,,,,,
,2299,-178.64874267578125,-177.38375854492188,-1264.977294921875,11,,,,,,,,,,,,,
0.001,2319,,,,,,,,,,,,,,,,,
,2319,-100.3116455078125,-98.95222473144531,-1359.419677734375,11,,,,,,,,,,,,,
0.001,2339,,,,,,,,,,,,,,,,,
,2339,-199.89871215820312,-198.6875,-1211.213623046875,11,,,,,,,,,,,,,
0.001,2359,,,,,,,,,,,,,,,,,
,2359,-96.69662475585938,-95.53292846679688,-1163.696533203125,11,,,,,,,,,,,,,
0.001,2379,,,,,,,,,,,,,,,,,
,2379,-304.17535400390625,-302.6875915527344,-1487.760986328125,11,,,,,,,,,,,,,
,2391,,,,11,-7841.65966796875,-7802.2373046875,-39422.375,36.81570053100586,,,,,,,,,
0.001,2399,,,,,,,,,,,,,,,,,
,2399,-135.50457763671875,-134.48883056640625,-1015.7431030273438,11,,,,,,,,,,,,,
0.001,2419,,,,,,,,,,,,,,,,,
,2419,-100.70532989501953,-99.31586456298828,-1389.4632568359375,11,,,,,,,,,,,,,
0.001,2439,,,,,,,,,,,,,,,,,
,2439,-359.71527099609375,-358.331787109375,-1383.484375,11,,,,,,,,,,,,,
0.001,2459,,,,,,,,,,,,,,,,,
,2459,-400.00714111328125,-398.45001220703125,-1557.137451171875,11,,,,,,,,,,,,,
0.001,2479,,,,,,,,,,,,,,,,,
,2479,-224.7690887451172,-223.51768493652344,-1251.396484375,11,,,,,,,,,,,,,
,2495,,,,11,-7900.67822265625,-7861.38134765625,-39296.8046875,36.617454528808594,,,,,,,,,
0.001,2499,,,,,,,,,,,,,,,,,
,2499,-111.10256958007812,-109.99679565429688,-1105.7772216796875,12,,,,,,,,,,,,,
0.001,2519,,,,,,,,,,,,,,,,,
,2519,-207.0662384033203,-205.7523193359375,-1313.9261474609375,12,,,,,,,,,,,,,
0.001,2539,,,,,,,,,,,,,,,,,
,2539,-202.6460418701172,-201.3595428466797,-1286.50048828125,12,,,,,,,,,,,,,
0.001,2559,,,,,,,,,,,,,,,,,
,2559,-201.79039001464844,-200.37176513671875,-1418.621337890625,12,,,,,,,,,,,,,
0.001,2579,,,,,,,,,,,,,,,,,
,2579,-273.3630065917969,-272.00360107421875,-1359.412109375,12,,,,,,,,,,,,,
0.001,2599,,,,,,,,,,,,,,,,,
,2599,-167.55223083496094,-166.25042724609375,-1301.8046875,12,,,,,,,,,,,,,
,2599,,,,12,-7803.83984375,-7765.1572265625,-38682.87109375,36.86168670654297,,,,,,,,,
0.001,2619,,,,,,,,,,,,,,,,,
,2619,-100.15338134765625,-98.90380096435547,-1249.57861328125,12,,,,,,,,,,,,,
0.001,2639,,,,,,,,,,,,,,,,,
,2639,-236.91650390625,-235.5712127685547,-1345.2852783203125,12,,,,,,,,,,,,,
0.001,2659,,,,,,,,,,,,,,,,,
,2659,-274.19146728515625,-272.42535400390625,-1766.0986328125,12,,,,,,,,,,,,,
0.001,2679,,,,,,,,,,,,,,,,,
,2679,-165.05294799804688,-163.93698120117188,-1115.970703125,12,,,,,,,,,,,,,
0.001,2699,,,,,,,,,,,,,,,,,
,2699,-293.122314453125,-291.6524353027344,-1469.877685546875,12,,,,,,,,,,,,,
,2703,,,,12,-7922.52197265625,-7883.35986328125,-39161.94921875,36.70673370361328,,,,,,,,,
0.001,2719,,,,,,,,,,,,,,,,,
,2719,-330.2842712402344,-328.84271240234375,-1441.5716552734375,13,,,,,,,,,,,,,
0.001,2739,,,,,,,,,,,,,,,,,
,2739,-330.2681884765625,-329.00079345703125,-1267.38134765625,13,,,,,,,,,,,,,
0.001,2759,,,,,,,,,,,,,,,,,
,2759,-388.0272521972656,-386.5635986328125,-1463.66064453125,13,,,,,,,,,,,,,
0.001,2779,,,,,,,,,,,,,,,,,
,2779,-221.4626007080078,-220.24929809570312,-1213.302978515625,13,,,,,,,,,,,,,
0.001,2799,,,,,,,,,,,,,,,,,
,2799,-146.22296142578125,-145.17178344726562,-1051.1793212890625,13,,,,,,,,,,,,,
,2807,,,,13,-7866.552734375,-7827.3466796875,-39206.59765625,36.79332733154297,,,,,,,,,
0.001,2819,,,,,,,,,,,,,,,,,
,2819,59.51815414428711,60.704891204833984,-1186.73583984375,13,,,,,,,,,,,,,
0.001,2839,,,,,,,,,,,,,,,,,
,2839,-168.4434814453125,-167.29910278320312,-1144.38037109375,13,,,,,,,,,,,,,
0.001,2859,,,,,,,,,,,,,,,,,
,2859,-242.04359436035156,-240.60040283203125,-1443.188232421875,13,,,,,,,,,,,,,
0.001,2879,,,,,,,,,,,,,,,,,
,2879,-212.97157287597656,-211.53829956054688,-1433.2734375,13,,,,,,,,,,,,,
0.001,2899,,,,,,,,,,,,,,,,,
,2899,-327.7025146484375,-326.2896423339844,-1412.8660888671875,13,,,,,,,,,,,,,
,2911,,,,13,-7941.40966796875,-7902.47509765625,-38933.4765625,36.740474700927734,,,,,,,,,
0.001,2919,,,,,,,,,,,,,,,,,
,2919,-132.27511596679688,-131.01486206054688,-1260.246337890625,14,,,,,,,,,,,,,
0.001,2939,,,,,,,,,,,,,,,,,
,2939,-283.6423034667969,-282.17425537109375,-1468.054443359375,14,,,,,,,,,,,,,
0.001,2959,,,,,,,,,,,,,,,,,
,2959,-327.5782775878906,-326.1280517578125,-1450.23974609375,14,,,,,,,,,,,,,
0.001,2979,,,,,,,,,,,,,,,,,
,2979,-210.10757446289062,-208.88800048828125,-1219.571044921875,14,,,,,,,,,,,,,
0.001,2999,,,,,,,,,,,,,,,,,
,2999,-323.8229064941406,-322.3414001464844,-1481.50537109375,14,,,,,,,,,,,,,
,3015,,,,14,-7825.77587890625,-7787.12841796875,-38646.953125,36.81739807128906,,,,,,,,,
0.001,3019,,,,,,,,,,,,,,,,,
,3019,-113.742919921875,-112.4534912109375,-1289.4281005859375,14,,,,,,,,,,,,,
0.001,3039,,,,,,,,,,,,,,,,,
,3039,-148.01431274414062,-146.60154724121094,-1412.760498046875,14,,,,,,,,,,,,,
0.001,3059,,,,,,,,,,,,,,,,,
,3059,-283.96246337890625,-282.54742431640625,-1415.040283203125,14,,,,,,,,,,,,,
0.001,3079,,,,,,,,,,,,,,,,,
,3079,53.03243637084961,53.97737121582031,-944.9332275390625,14,,,,,,,,,,,,,
0.001,3099,,,,,,,,,,,,,,,,,
,3099,-113.9740219116211,-112.79153442382812,-1182.489013671875,14,,,,,,,,,,,,,
0.001,3119,,,,,,,,,,,,,,,,,
,3119,-91.8105697631836,-90.8246078491211,-985.9613037109375,14,,,,,,,,,,,,,
,3119,,,,14,-7940.947265625,-7902.216796875,-38730.640625,36.72026062011719,,,,,,,,,
0.001,3139,,,,,,,,,,,,,,,,,
,3139,-149.6537628173828,-148.62789916992188,-1025.86865234375,15,,,,,,,,,,,,,
0.001,3159,,,,,,,,,,,,,,,,,
,3159,-307.1545104980469,-305.88427734375,-1270.245849609375,15,,,,,,,,,,,,,
0.001,3179,,,,,,,,,,,,,,,,,
,3179,-203.88230895996094,-202.8887939453125,-993.51806640625,15,,,,,,,,,,,,,
0.001,3199,,,,,,,,,,,,,,,,,
,3199,-211.540283203125,-210.134033203125,-1406.2459716796875,15,,,,,,,,,,,,,
0.001,3219,,,,,,,,,,,,,,,,,
,3219,218.5179901123047,219.81312561035156,-1295.13232421875,15,,,,,,,,,,,,,
,3223,,,,15,-7911.05908203125,-7871.984375,-39074.26953125,36.70670700073242,,,,,,,,,
0.001,3239,,,,,,,,,,,,,,,,,
,3239,-177.71353149414062,-176.37643432617188,-1337.095458984375,15,,,,,,,,,,,,,
0.001,3259,,,,,,,,,,,,,,,,,
,3259,-383.0374450683594,-381.565673828125,-1471.7613525390625,15,,,,,,,,,,,,,
0.001,3279,,,,,,,,,,,,,,,,,
,3279,-25.944320678710938,-24.88802719116211,-1056.2933349609375,15,,,,,,,,,,,,,
0.001,3299,,,,,,,,,,,,,,,,,
,3299,-163.53273010253906,-162.25479125976562,-1277.9339599609375,15,,,,,,,,,,,,,
0.001,3319,,,,,,,,,,,,,,,,,
,3319,-267.2981872558594,-266.10882568359375,-1189.35693359375,15,,,,,,,,,,,,,
,3327,,,,15,-7965.93359375,-7927.33349609375,-38599.90625,36.723548889160156,,,,,,,,,
0.001,3339,,,,,,,,,,,,,,,,,
,3339,-171.71632385253906,-170.45501708984375,-1261.308837890625,16,,,,,,,,,,,,,
0.001,3359,,,,,,,,,,,,,,,,,
,3359,-91.19200134277344,-89.7877197265625,-1404.279052734375,16,,,,,,,,,,,,,
0.001,3379,,,,,,,,,,,,,,,,,
,3379,-230.88345336914062,-229.675537109375,-1207.923095703125,16,,,,,,,,,,,,,
0.001,3399,,,,,,,,,,,,,,,,,
,3399,-100.71166229248047,-99.58505249023438,-1126.6064453125,16,,,,,,,,,,,,,
0.001,3419,,,,,,,,,,,,,,,,,
,3419,-277.6496276855469,-276.17791748046875,-1471.71142578125,16,,,,,,,,,,,,,
,3431,,,,16,-7963.40673828125,-7923.7080078125,-39699.375,36.75498580932617,,,,,,,,,
0.001,3439,,,,,,,,,,,,,,,,,
,3439,-155.9344940185547,-154.89865112304688,-1035.8392333984375,16,,,,,,,,,,,,,
0.001,3459,,,,,,,,,,,,,,,,,
,3459,-89.98362731933594,-88.56524658203125,-1418.3834228515625,16,,,,,,,,,,,,,
0.001,3479,,,,,,,,,,,,,,,,,
,3479,-381.4283752441406,-380.0198974609375,-1408.4857177734375,16,,,,,,,,,,,,,
0.001,3499,,,,,,,,,,,,,,,,,
,3499,-390.42340087890625,-388.8438720703125,-1579.516845703125,16,,,,,,,,,,,,,
0.001,3519,,,,,,,,,,,,,,,,,
,3519,-232.02174377441406,-230.73434448242188,-1287.397705078125,16,,,,,,,,,,,,,
,3535,,,,16,-8043.2177734375,-8003.98388671875,-39234.2734375,36.728065490722656,,,,,,,,,
0.001,3539,,,,,,,,,,,,,,,,,
,3539,-118.50013732910156,-117.39260864257812,-1107.526123046875,17,,,,,,,,,,,,,
0.001,3559,,,,,,,,,,,,,,,,,
,3559,-170.65072631835938,-169.27374267578125,-1376.977294921875,17,,,,,,,,,,,,,
0.001,3579,,,,,,,,,,,,,,,,,
,3579,-200.22555541992188,-198.90589904785156,-1319.65185546875,17,,,,,,,,,,,,,
0.001,3599,,,,,,,,,,,,,,,,,
,3599,-185.58981323242188,-184.16180419921875,-1428.013671875,17,,,,,,,,,,,,,
0.001,3619,,,,,,,,,,,,,,,,,
,3619,-293.56396484375,-292.20849609375,-1355.4588623046875,17,,,,,,,,,,,,,
0.001,3639,,,,,,,,,,,,,,,,,
,3639,-176.01431274414062,-174.67184448242188,-1342.466552734375,17,,,,,,,,,,,,,
,3639,,,,17,-7951.69482421875,-7912.10595703125,-39589.46875,36.701904296875,,,,,,,,,
0.001,3659,,,,,,,,,,,,,,,,,
,3659,-109.41063690185547,-108.21976470947266,-1190.8699951171875,17,,,,,,,,,,,,,
0.001,3679,,,,,,,,,,,,,,,,,
,3679,-253.69903564453125,-252.32040405273438,-1378.6318359375,17,,,,,,,,,,,,,
0.001,3699,,,,,,,,,,,,,,,,,
,3699,-273.8348083496094,-271.9920959472656,-1842.722900390625,17,,,,,,,,,,,,,
0.001,3719,,,,,,,,,,,,,,,,,
,3719,-166.64703369140625,-165.532958984375,-1114.07958984375,17,,,,,,,,,,,,,
0.001,3739,,,,,,,,,,,,,,,,,
,3739,-303.37957763671875,-301.90167236328125,-1477.9111328125,17,,,,,,,,,,,,,
,3743,,,,17,-7962.57568359375,-7923.29248046875,-39283.2578125,36.57108688354492,,,,,,,,,
0.001,3759,,,,,,,,,,,,,,,,,
,3759,-345.0904235839844,-343.6578063964844,-1432.611083984375,18,,,,,,,,,,,,,
0.001,3779,,,,,,,,,,,,,,,,,
,3779,-356.1238708496094,-354.8529968261719,-1270.8594970703125,18,,,,,,,,,,,,,
0.001,3799,,,,,,,,,,,,,,,,,
,3799,-378.3884582519531,-376.98236083984375,-1406.083740234375,18,,,,,,,,,,,,,
0.001,3819,,,,,,,,,,,,,,,,,
,3819,-234.64244079589844,-233.4141082763672,-1228.3360595703125,18,,,,,,,,,,,,,
0.001,3839,,,,,,,,,,,,,,,,,
,3839,-140.46339416503906,-139.40953063964844,-1053.8602294921875,18,,,,,,,,,,,,,
